base,base_role,condition,condition_id,tokenizer,turkish,train_size,seed,escaped,escape_step,selected_step,selected_validation_macro_f1,terminal_step,terminal_validation_macro_f1,escaped_but_terminal_collapsed,eval_split,test_macro_f1,tr_stage_macro_f1,tr_stage_degenerate,delta_test_minus_validation_matched,max_steps,steps_per_epoch,effective_epochs,runtime_sec,source_path
xlm15,primary,baza,1,original,none,10000,13,True,400.0,1200,0.7398460851076942,2000,0.7359103606068997,False,test,0.7240924193446315,,,-0.015754,2000,313,6.389776357827476,208.3,results/runs/base=xlm15__cond=baza__n=10000__seed=13.json
xlm15,primary,baza,1,original,none,10000,1337,False,,1200,0.33341294482923334,2000,0.3332537028189202,False,test,0.33343949044585985,,,2.7e-05,2000,313,6.389776357827476,209.3,results/runs/base=xlm15__cond=baza__n=10000__seed=1337.json
xlm15,primary,baza,1,original,none,10000,42,True,400.0,1600,0.7456022379794419,2000,0.7455870828321962,False,test,0.7265235558484591,,,-0.019079,2000,313,6.389776357827476,209.6,results/runs/base=xlm15__cond=baza__n=10000__seed=42.json
xlm15,primary,baza,1,original,none,2000,13,False,,1200,0.3744159944978505,2000,0.33341294482923334,False,test,0.38129221037575733,,,0.006876,2000,63,31.746031746031747,199.2,results/runs/base=xlm15__cond=baza__n=2000__seed=13.json
xlm15,primary,baza,1,original,none,2000,1337,True,400.0,1800,0.6841082978273758,2000,0.6824825372367744,False,test,0.671025313346853,,,-0.013083,2000,63,31.746031746031747,195.9,results/runs/base=xlm15__cond=baza__n=2000__seed=1337.json
xlm15,primary,baza,1,original,none,2000,2024,False,,400,0.33341294482923334,2000,0.33341294482923334,False,test,0.33343949044585985,,,2.7e-05,2000,63,31.746031746031747,199.6,results/runs/base=xlm15__cond=baza__n=2000__seed=2024.json
xlm15,primary,baza,1,original,none,2000,42,True,1200.0,1400,0.6741032842236678,2000,0.6613802820723031,False,test,0.6759345942775596,,,0.001831,2000,63,31.746031746031747,198.7,results/runs/base=xlm15__cond=baza__n=2000__seed=42.json
xlm15,primary,baza,1,original,none,2000,7,False,,200,0.33341294482923334,2000,0.3332537028189202,False,test,0.33343949044585985,,,2.7e-05,2000,63,31.746031746031747,197.8,results/runs/base=xlm15__cond=baza__n=2000__seed=7.json
xlm15,primary,baza,1,original,none,20914,13,True,400.0,1800,0.7535721377305422,2000,0.7533831650869487,False,test,0.7433271255125449,,,-0.010245,2000,654,3.058103975535168,214.2,results/runs/base=xlm15__cond=baza__n=20914__seed=13.json
xlm15,primary,baza,1,original,none,20914,1337,True,600.0,2000,0.7008858600767687,2000,0.7008858600767687,False,test,0.6819390257091527,,,-0.018947,2000,654,3.058103975535168,215.9,results/runs/base=xlm15__cond=baza__n=20914__seed=1337.json
xlm15,primary,baza,1,original,none,20914,42,True,400.0,2000,0.7576360628108686,2000,0.7576360628108686,False,test,0.7398221496993735,,,-0.017814,2000,654,3.058103975535168,210.9,results/runs/base=xlm15__cond=baza__n=20914__seed=42.json
xlm15,primary,baza,1,original,none,500,13,True,400.0,1000,0.6391661065822913,2000,0.6363123887814549,False,test,0.6315921527014243,,,-0.007574,2000,16,125.0,203.9,results/runs/base=xlm15__cond=baza__n=500__seed=13.json
xlm15,primary,baza,1,original,none,500,1337,True,200.0,600,0.6313030095404196,2000,0.6154693404883396,False,test,0.619388508899199,,,-0.011915,2000,16,125.0,204.8,results/runs/base=xlm15__cond=baza__n=500__seed=1337.json
xlm15,primary,baza,1,original,none,500,2024,False,,200,0.33341294482923334,2000,0.3332537028189202,False,test,0.33343949044585985,,,2.7e-05,2000,16,125.0,203.2,results/runs/base=xlm15__cond=baza__n=500__seed=2024.json
xlm15,primary,baza,1,original,none,500,42,False,,200,0.33341294482923334,2000,0.3332537028189202,False,test,0.33343949044585985,,,2.7e-05,2000,16,125.0,204.5,results/runs/base=xlm15__cond=baza__n=500__seed=42.json
xlm15,primary,baza,1,original,none,500,7,True,400.0,1800,0.6212992173530448,2000,0.6071201434026625,False,test,0.6176630085996663,,,-0.003636,2000,16,125.0,204.0,results/runs/base=xlm15__cond=baza__n=500__seed=7.json
xlm15,primary,her_ikisi,4,omp,real,2000,13,True,1800.0,2000,0.620257068165708,2000,0.620257068165708,False,test,0.6260865346088886,0.1595029795866616,True,0.005829,2000,63,31.746031746031747,180.5,results/runs/base=xlm15__cond=her_ikisi__n=2000__seed=13.json
xlm15,primary,her_ikisi,4,omp,real,2000,1337,True,400.0,1600,0.6741104951905803,2000,0.6711964087218523,False,test,0.6634103736692293,0.33205962638734454,True,-0.0107,2000,63,31.746031746031747,176.7,results/runs/base=xlm15__cond=her_ikisi__n=2000__seed=1337.json
xlm15,primary,her_ikisi,4,omp,real,2000,2024,True,200.0,800,0.6932989133567764,2000,0.6902855909868533,False,test,0.6720924498570098,0.6812418703869111,False,-0.021206,2000,63,31.746031746031747,181.6,results/runs/base=xlm15__cond=her_ikisi__n=2000__seed=2024.json
xlm15,primary,her_ikisi,4,omp,real,2000,42,True,800.0,1400,0.6884345574633459,2000,0.6826790106269433,False,test,0.6786762621437562,0.16484757245013174,True,-0.009758,2000,63,31.746031746031747,179.5,results/runs/base=xlm15__cond=her_ikisi__n=2000__seed=42.json
xlm15,primary,her_ikisi,4,omp,real,2000,7,True,200.0,1800,0.679961619112124,2000,0.6769476510895734,False,test,0.6824507954603423,0.7005637578124185,False,0.002489,2000,63,31.746031746031747,182.7,results/runs/base=xlm15__cond=her_ikisi__n=2000__seed=7.json
xlm15,primary,her_ikisi,4,omp,real,500,13,True,1400.0,1600,0.602033202868604,2000,0.6012463007926652,False,test,0.6002447954658627,0.1595029795866616,True,-0.001788,2000,16,125.0,184.0,results/runs/base=xlm15__cond=her_ikisi__n=500__seed=13.json
xlm15,primary,her_ikisi,4,omp,real,500,1337,True,400.0,1000,0.6304159719757811,2000,0.6243709463416843,False,test,0.6138002903985722,0.33205962638734454,True,-0.016616,2000,16,125.0,188.6,results/runs/base=xlm15__cond=her_ikisi__n=500__seed=1337.json
xlm15,primary,her_ikisi,4,omp,real,500,2024,True,200.0,1600,0.6346410455531426,2000,0.630911112480613,False,test,0.6198579291696127,0.6812418703869111,False,-0.014783,2000,16,125.0,187.6,results/runs/base=xlm15__cond=her_ikisi__n=500__seed=2024.json
xlm15,primary,her_ikisi,4,omp,real,500,42,True,600.0,1000,0.61937390205566,2000,0.6112413170787836,False,test,0.6183401560667805,0.16484757245013174,True,-0.001034,2000,16,125.0,187.7,results/runs/base=xlm15__cond=her_ikisi__n=500__seed=42.json
xlm15,primary,her_ikisi,4,omp,real,500,7,True,200.0,2000,0.6220547726969052,2000,0.6220547726969052,False,test,0.6188678721174813,0.7005637578124185,False,-0.003187,2000,16,125.0,187.8,results/runs/base=xlm15__cond=her_ikisi__n=500__seed=7.json
xlm15,primary,tokenizator,3,omp,none,10000,13,True,600.0,2000,0.7781745727563247,2000,0.7781745727563247,False,test,0.7543690289101042,,,-0.023806,2000,313,6.389776357827476,187.1,results/runs/base=xlm15__cond=tokenizator__n=10000__seed=13.json
xlm15,primary,tokenizator,3,omp,none,10000,1337,True,600.0,1800,0.7703787803995129,2000,0.7608438463346618,False,test,0.7469080970667585,,,-0.023471,2000,313,6.389776357827476,185.3,results/runs/base=xlm15__cond=tokenizator__n=10000__seed=1337.json
xlm15,primary,tokenizator,3,omp,none,10000,42,True,600.0,2000,0.7485623392844589,2000,0.7485623392844589,False,test,0.7302494226624008,,,-0.018313,2000,313,6.389776357827476,189.1,results/runs/base=xlm15__cond=tokenizator__n=10000__seed=42.json
xlm15,primary,tokenizator,3,omp,none,2000,13,False,,200,0.33341294482923334,2000,0.3332537028189202,False,test,0.33343949044585985,,,2.7e-05,2000,63,31.746031746031747,179.1,results/runs/base=xlm15__cond=tokenizator__n=2000__seed=13.json
xlm15,primary,tokenizator,3,omp,none,2000,1337,False,,200,0.33341294482923334,2000,0.3332537028189202,False,test,0.33343949044585985,,,2.7e-05,2000,63,31.746031746031747,180.4,results/runs/base=xlm15__cond=tokenizator__n=2000__seed=1337.json
xlm15,primary,tokenizator,3,omp,none,2000,2024,True,400.0,800,0.69074513977798,2000,0.6843798832140802,False,test,0.6867924681447938,,,-0.003953,2000,63,31.746031746031747,182.0,results/runs/base=xlm15__cond=tokenizator__n=2000__seed=2024.json
xlm15,primary,tokenizator,3,omp,none,2000,42,True,400.0,1600,0.6897159515131348,2000,0.6869643944823968,False,test,0.6677276921952378,,,-0.021988,2000,63,31.746031746031747,180.2,results/runs/base=xlm15__cond=tokenizator__n=2000__seed=42.json
xlm15,primary,tokenizator,3,omp,none,2000,7,True,2000.0,2000,0.4640341866103985,2000,0.4640341866103985,False,test,0.4683599121481783,,,0.004326,2000,63,31.746031746031747,182.2,results/runs/base=xlm15__cond=tokenizator__n=2000__seed=7.json
xlm15,primary,tokenizator,3,omp,none,20914,13,True,400.0,1800,0.790034857125838,2000,0.7889020911662554,False,test,0.7735140657371313,,,-0.016521,2000,654,3.058103975535168,189.6,results/runs/base=xlm15__cond=tokenizator__n=20914__seed=13.json
xlm15,primary,tokenizator,3,omp,none,20914,1337,False,,200,0.33341294482923334,2000,0.3332537028189202,False,test,0.33343949044585985,,,2.7e-05,2000,654,3.058103975535168,188.7,results/runs/base=xlm15__cond=tokenizator__n=20914__seed=1337.json
xlm15,primary,tokenizator,3,omp,none,20914,42,False,,400,0.33341294482923334,2000,0.33341294482923334,False,test,0.33343949044585985,,,2.7e-05,2000,654,3.058103975535168,186.0,results/runs/base=xlm15__cond=tokenizator__n=20914__seed=42.json
xlm15,primary,tokenizator,3,omp,none,500,13,False,,200,0.33341294482923334,2000,0.3332537028189202,False,test,0.33343949044585985,,,2.7e-05,2000,16,125.0,183.9,results/runs/base=xlm15__cond=tokenizator__n=500__seed=13.json
xlm15,primary,tokenizator,3,omp,none,500,1337,True,800.0,800,0.4402749578162218,2000,0.3332537028189202,True,test,0.4326780035453727,,,-0.007597,2000,16,125.0,187.8,results/runs/base=xlm15__cond=tokenizator__n=500__seed=1337.json
xlm15,primary,tokenizator,3,omp,none,500,2024,False,,200,0.33341294482923334,2000,0.3332537028189202,False,test,0.33343949044585985,,,2.7e-05,2000,16,125.0,186.0,results/runs/base=xlm15__cond=tokenizator__n=500__seed=2024.json
xlm15,primary,tokenizator,3,omp,none,500,42,False,,200,0.33341294482923334,2000,0.3332537028189202,False,test,0.33343949044585985,,,2.7e-05,2000,16,125.0,187.2,results/runs/base=xlm15__cond=tokenizator__n=500__seed=42.json
xlm15,primary,tokenizator,3,omp,none,500,7,True,400.0,1400,0.6140960336327752,2000,0.6121958423439852,False,test,0.6169677083006877,,,0.002872,2000,16,125.0,187.3,results/runs/base=xlm15__cond=tokenizator__n=500__seed=7.json
xlm15,primary,transplant_mean,6,omp,none,10000,13,False,,200,0.33341294482923334,2000,0.3332537028189202,False,test,0.33343949044585985,,,2.7e-05,2000,313,6.389776357827476,187.7,results/runs/base=xlm15__cond=transplant_mean__n=10000__seed=13.json
xlm15,primary,transplant_mean,6,omp,none,10000,1337,True,200.0,1800,0.7652997359773683,2000,0.7606723451795314,False,test,0.7539381155713221,,,-0.011362,2000,313,6.389776357827476,186.8,results/runs/base=xlm15__cond=transplant_mean__n=10000__seed=1337.json
xlm15,primary,transplant_mean,6,omp,none,10000,42,False,,600,0.33341294482923334,2000,0.33341294482923334,False,test,0.33343949044585985,,,2.7e-05,2000,313,6.389776357827476,185.9,results/runs/base=xlm15__cond=transplant_mean__n=10000__seed=42.json
xlm15,primary,transplant_mean,6,omp,none,2000,13,False,,1000,0.33341294482923334,2000,0.3332537028189202,False,test,0.33343949044585985,,,2.7e-05,2000,63,31.746031746031747,177.4,results/runs/base=xlm15__cond=transplant_mean__n=2000__seed=13.json
xlm15,primary,transplant_mean,6,omp,none,2000,1337,True,400.0,1600,0.7058219223367954,2000,0.6958708151720301,False,test,0.6868198017087769,,,-0.019002,2000,63,31.746031746031747,177.9,results/runs/base=xlm15__cond=transplant_mean__n=2000__seed=1337.json
xlm15,primary,transplant_mean,6,omp,none,2000,2024,True,800.0,1800,0.6753847915547664,2000,0.6665077826278917,False,test,0.6817702397650566,,,0.006385,2000,63,31.746031746031747,180.7,results/runs/base=xlm15__cond=transplant_mean__n=2000__seed=2024.json
xlm15,primary,transplant_mean,6,omp,none,2000,42,True,600.0,2000,0.7052457525207363,2000,0.7052457525207363,False,test,0.6813151293585566,,,-0.023931,2000,63,31.746031746031747,179.3,results/runs/base=xlm15__cond=transplant_mean__n=2000__seed=42.json
xlm15,primary,transplant_mean,6,omp,none,2000,7,False,,800,0.33341294482923334,2000,0.3332537028189202,False,test,0.33343949044585985,,,2.7e-05,2000,63,31.746031746031747,180.1,results/runs/base=xlm15__cond=transplant_mean__n=2000__seed=7.json
xlm15,primary,transplant_mean,6,omp,none,20914,13,True,1800.0,1800,0.5777552950787074,2000,0.3332537028189202,True,test,0.5740883157762954,,,-0.003667,2000,654,3.058103975535168,188.0,results/runs/base=xlm15__cond=transplant_mean__n=20914__seed=13.json
xlm15,primary,transplant_mean,6,omp,none,20914,1337,True,400.0,1800,0.8013044143774982,2000,0.7994206892998815,False,test,0.7691085271317829,,,-0.032196,2000,654,3.058103975535168,185.1,results/runs/base=xlm15__cond=transplant_mean__n=20914__seed=1337.json
xlm15,primary,transplant_mean,6,omp,none,20914,42,True,400.0,2000,0.7997132615383153,2000,0.7997132615383153,False,test,0.7754253394439911,,,-0.024288,2000,654,3.058103975535168,187.3,results/runs/base=xlm15__cond=transplant_mean__n=20914__seed=42.json
xlm15,primary,transplant_mean,6,omp,none,500,13,False,,200,0.33341294482923334,2000,0.3332537028189202,False,test,0.33343949044585985,,,2.7e-05,2000,16,125.0,185.8,results/runs/base=xlm15__cond=transplant_mean__n=500__seed=13.json
xlm15,primary,transplant_mean,6,omp,none,500,1337,False,,200,0.33341294482923334,2000,0.3332537028189202,False,test,0.33343949044585985,,,2.7e-05,2000,16,125.0,185.7,results/runs/base=xlm15__cond=transplant_mean__n=500__seed=1337.json
xlm15,primary,transplant_mean,6,omp,none,500,2024,True,400.0,1600,0.644939537283105,2000,0.6309994301527022,False,test,0.6314492200524837,,,-0.01349,2000,16,125.0,186.2,results/runs/base=xlm15__cond=transplant_mean__n=500__seed=2024.json
xlm15,primary,transplant_mean,6,omp,none,500,42,False,,200,0.33341294482923334,2000,0.3332537028189202,False,test,0.33343949044585985,,,2.7e-05,2000,16,125.0,183.4,results/runs/base=xlm15__cond=transplant_mean__n=500__seed=42.json
xlm15,primary,transplant_mean,6,omp,none,500,7,True,600.0,1800,0.6269226842943625,2000,0.6200482316626967,False,test,0.6289810853838698,,,0.002058,2000,16,125.0,185.8,results/runs/base=xlm15__cond=transplant_mean__n=500__seed=7.json
xlm15,primary,transplant_random_coef,7,omp,none,10000,13,False,,200,0.33341294482923334,2000,0.3332537028189202,False,test,0.33343949044585985,,,2.7e-05,2000,313,6.389776357827476,187.0,results/runs/base=xlm15__cond=transplant_random_coef__n=10000__seed=13.json
xlm15,primary,transplant_random_coef,7,omp,none,10000,1337,False,,1200,0.39449305313257643,2000,0.3332537028189202,False,test,0.38687186830953,,,-0.007621,2000,313,6.389776357827476,186.8,results/runs/base=xlm15__cond=transplant_random_coef__n=10000__seed=1337.json
xlm15,primary,transplant_random_coef,7,omp,none,10000,42,True,1400.0,2000,0.6319170811532416,2000,0.6319170811532416,False,test,0.6128811719417457,,,-0.019036,2000,313,6.389776357827476,184.0,results/runs/base=xlm15__cond=transplant_random_coef__n=10000__seed=42.json
xlm15,primary,transplant_random_coef,7,omp,none,2000,13,False,,200,0.33341294482923334,2000,0.3332537028189202,False,test,0.33343949044585985,,,2.7e-05,2000,63,31.746031746031747,178.6,results/runs/base=xlm15__cond=transplant_random_coef__n=2000__seed=13.json
xlm15,primary,transplant_random_coef,7,omp,none,2000,1337,True,200.0,2000,0.6731346503528832,2000,0.6731346503528832,False,test,0.6490465118097433,,,-0.024088,2000,63,31.746031746031747,181.3,results/runs/base=xlm15__cond=transplant_random_coef__n=2000__seed=1337.json
xlm15,primary,transplant_random_coef,7,omp,none,2000,2024,True,400.0,2000,0.672876937002651,2000,0.672876937002651,False,test,0.654304977817424,,,-0.018572,2000,63,31.746031746031747,177.9,results/runs/base=xlm15__cond=transplant_random_coef__n=2000__seed=2024.json
xlm15,primary,transplant_random_coef,7,omp,none,2000,42,True,600.0,600,0.6717046767105483,2000,0.6683316407381642,False,test,0.6369091225755039,,,-0.034796,2000,63,31.746031746031747,180.3,results/runs/base=xlm15__cond=transplant_random_coef__n=2000__seed=42.json
xlm15,primary,transplant_random_coef,7,omp,none,2000,7,True,400.0,1400,0.6616939692000225,2000,0.6563445581801433,False,test,0.6711684330696992,,,0.009474,2000,63,31.746031746031747,180.9,results/runs/base=xlm15__cond=transplant_random_coef__n=2000__seed=7.json
xlm15,primary,transplant_random_coef,7,omp,none,20914,13,False,,200,0.33341294482923334,2000,0.3332537028189202,False,test,0.33343949044585985,,,2.7e-05,2000,654,3.058103975535168,187.2,results/runs/base=xlm15__cond=transplant_random_coef__n=20914__seed=13.json
xlm15,primary,transplant_random_coef,7,omp,none,20914,1337,False,,200,0.33341294482923334,2000,0.3332537028189202,False,test,0.33343949044585985,,,2.7e-05,2000,654,3.058103975535168,187.5,results/runs/base=xlm15__cond=transplant_random_coef__n=20914__seed=1337.json
xlm15,primary,transplant_random_coef,7,omp,none,20914,42,True,400.0,2000,0.7670582948125322,2000,0.7670582948125322,False,test,0.7417136526916098,,,-0.025345,2000,654,3.058103975535168,188.9,results/runs/base=xlm15__cond=transplant_random_coef__n=20914__seed=42.json
xlm15,primary,transplant_random_coef,7,omp,none,500,13,True,200.0,600,0.6094168066104837,2000,0.6003017466937914,False,test,0.5898230095818614,,,-0.019594,2000,16,125.0,185.4,results/runs/base=xlm15__cond=transplant_random_coef__n=500__seed=13.json
xlm15,primary,transplant_random_coef,7,omp,none,500,1337,False,,600,0.33341294482923334,2000,0.3332537028189202,False,test,0.33343949044585985,,,2.7e-05,2000,16,125.0,187.3,results/runs/base=xlm15__cond=transplant_random_coef__n=500__seed=1337.json
xlm15,primary,transplant_random_coef,7,omp,none,500,2024,True,400.0,2000,0.616596262173232,2000,0.616596262173232,False,test,0.617644748117788,,,0.001048,2000,16,125.0,184.5,results/runs/base=xlm15__cond=transplant_random_coef__n=500__seed=2024.json
xlm15,primary,transplant_random_coef,7,omp,none,500,42,True,400.0,1800,0.6315956694105044,2000,0.6298587646454441,False,test,0.600082825235954,,,-0.031513,2000,16,125.0,184.5,results/runs/base=xlm15__cond=transplant_random_coef__n=500__seed=42.json
xlm15,primary,transplant_random_coef,7,omp,none,500,7,False,,400,0.33341294482923334,2000,0.3332537028189202,False,test,0.33343949044585985,,,2.7e-05,2000,16,125.0,184.7,results/runs/base=xlm15__cond=transplant_random_coef__n=500__seed=7.json
xlm15,primary,turk,2,original,real,2000,13,False,,200,0.33341294482923334,2000,0.3332537028189202,False,test,0.33343949044585985,0.1595029795866616,True,2.7e-05,2000,63,31.746031746031747,196.4,results/runs/base=xlm15__cond=turk__n=2000__seed=13.json
xlm15,primary,turk,2,original,real,2000,1337,True,200.0,400,0.6794536454646485,2000,0.6610458713707893,False,test,0.6762862398109564,0.7340379959059572,False,-0.003167,2000,63,31.746031746031747,196.5,results/runs/base=xlm15__cond=turk__n=2000__seed=1337.json
xlm15,primary,turk,2,original,real,2000,2024,True,800.0,800,0.6717984448738338,2000,0.665182323723251,False,test,0.6601574791353542,0.6329417645296039,False,-0.011641,2000,63,31.746031746031747,198.4,results/runs/base=xlm15__cond=turk__n=2000__seed=2024.json
xlm15,primary,turk,2,original,real,2000,42,True,600.0,2000,0.6548766042031422,2000,0.6548766042031422,False,test,0.6514405092412261,0.1595029795866616,True,-0.003436,2000,63,31.746031746031747,199.4,results/runs/base=xlm15__cond=turk__n=2000__seed=42.json
xlm15,primary,turk,2,original,real,2000,7,True,200.0,1800,0.6925744236824753,2000,0.6922193193253976,False,test,0.6772477813262556,0.7219790142183943,False,-0.015327,2000,63,31.746031746031747,201.1,results/runs/base=xlm15__cond=turk__n=2000__seed=7.json
xlm15,primary,turk,2,original,real,500,13,True,1000.0,1400,0.6241366981516607,2000,0.6145574971942787,False,test,0.6084449397436957,0.1595029795866616,True,-0.015692,2000,16,125.0,206.7,results/runs/base=xlm15__cond=turk__n=500__seed=13.json
xlm15,primary,turk,2,original,real,500,1337,True,200.0,2000,0.6413442406731935,2000,0.6413442406731935,False,test,0.6437638964634811,0.7340379959059572,False,0.00242,2000,16,125.0,206.1,results/runs/base=xlm15__cond=turk__n=500__seed=1337.json
xlm15,primary,turk,2,original,real,500,2024,False,,200,0.33341294482923334,2000,0.3332537028189202,False,test,0.33343949044585985,0.6329417645296039,False,2.7e-05,2000,16,125.0,207.1,results/runs/base=xlm15__cond=turk__n=500__seed=2024.json
xlm15,primary,turk,2,original,real,500,42,True,2000.0,2000,0.5545879030198855,2000,0.5545879030198855,False,test,0.5462511727557418,0.1595029795866616,True,-0.008337,2000,16,125.0,203.7,results/runs/base=xlm15__cond=turk__n=500__seed=42.json
xlm15,primary,turk,2,original,real,500,7,True,200.0,1000,0.6362832514000809,2000,0.62329880791994,False,test,0.6373733687285966,0.7219790142183943,False,0.00109,2000,16,125.0,208.9,results/runs/base=xlm15__cond=turk__n=500__seed=7.json
xlm15,primary,turk_qarisiq,5,original,scrambled,2000,13,True,400.0,600,0.6920521100255035,2000,0.6755509193390923,False,test,0.6782169769652826,0.7579564031433111,False,-0.013835,2000,63,31.746031746031747,197.8,results/runs/base=xlm15__cond=turk_qarisiq__n=2000__seed=13.json
xlm15,primary,turk_qarisiq,5,original,scrambled,2000,1337,False,,200,0.33341294482923334,2000,0.3332537028189202,False,test,0.33343949044585985,0.37644996440159284,True,2.7e-05,2000,63,31.746031746031747,200.6,results/runs/base=xlm15__cond=turk_qarisiq__n=2000__seed=1337.json
xlm15,primary,turk_qarisiq,5,original,scrambled,2000,2024,True,200.0,600,0.6824677478710226,2000,0.6684711707612806,False,test,0.6786093921482327,0.7399205554587152,False,-0.003858,2000,63,31.746031746031747,197.8,results/runs/base=xlm15__cond=turk_qarisiq__n=2000__seed=2024.json
xlm15,primary,turk_qarisiq,5,original,scrambled,2000,42,False,,200,0.33341294482923334,2000,0.3332537028189202,False,test,0.33343949044585985,0.1595029795866616,True,2.7e-05,2000,63,31.746031746031747,198.0,results/runs/base=xlm15__cond=turk_qarisiq__n=2000__seed=42.json
xlm15,primary,turk_qarisiq,5,original,scrambled,2000,7,False,,600,0.33341294482923334,2000,0.3332537028189202,False,test,0.33343949044585985,0.44068218712309265,False,2.7e-05,2000,63,31.746031746031747,201.9,results/runs/base=xlm15__cond=turk_qarisiq__n=2000__seed=7.json
xlm15,primary,turk_qarisiq,5,original,scrambled,500,13,True,400.0,800,0.6393548158526177,2000,0.6319315472808252,False,test,0.6316415082535682,0.7579564031433111,False,-0.007713,2000,16,125.0,203.0,results/runs/base=xlm15__cond=turk_qarisiq__n=500__seed=13.json
xlm15,primary,turk_qarisiq,5,original,scrambled,500,1337,False,,200,0.33341294482923334,2000,0.3332537028189202,False,test,0.33343949044585985,0.37644996440159284,True,2.7e-05,2000,16,125.0,207.6,results/runs/base=xlm15__cond=turk_qarisiq__n=500__seed=1337.json
xlm15,primary,turk_qarisiq,5,original,scrambled,500,2024,True,200.0,1600,0.6455713255370666,2000,0.6402644992394902,False,test,0.6473714843242788,0.7399205554587152,False,0.0018,2000,16,125.0,206.6,results/runs/base=xlm15__cond=turk_qarisiq__n=500__seed=2024.json
xlm15,primary,turk_qarisiq,5,original,scrambled,500,42,False,,400,0.33341294482923334,2000,0.3332537028189202,False,test,0.33343949044585985,0.1595029795866616,True,2.7e-05,2000,16,125.0,204.4,results/runs/base=xlm15__cond=turk_qarisiq__n=500__seed=42.json
xlm15,primary,turk_qarisiq,5,original,scrambled,500,7,True,200.0,400,0.6195650189995943,2000,0.6157265053877701,False,test,0.6217528230285079,0.44068218712309265,False,0.002188,2000,16,125.0,205.9,results/runs/base=xlm15__cond=turk_qarisiq__n=500__seed=7.json
xlmr,contrast,baza,1,original,none,2000,13,True,200.0,200,0.8212018541891093,2000,0.8196221564631541,False,test,0.790690824803279,,,-0.030511,2000,63,31.746031746031747,205.6,results/runs/base=xlmr__cond=baza__n=2000__seed=13.json
xlmr,contrast,baza,1,original,none,2000,1337,True,200.0,1000,0.823697346932487,2000,0.8193442131132719,False,test,0.7934979592479947,,,-0.030199,2000,63,31.746031746031747,239.1,results/runs/base=xlmr__cond=baza__n=2000__seed=1337.json
xlmr,contrast,baza,1,original,none,2000,2024,True,200.0,1600,0.8243891800082993,2000,0.8225872751641448,False,test,0.7965722685345379,,,-0.027817,2000,63,31.746031746031747,196.1,results/runs/base=xlmr__cond=baza__n=2000__seed=2024.json
xlmr,contrast,baza,1,original,none,2000,42,True,200.0,2000,0.8358808636078843,2000,0.8358808636078843,False,test,0.8045465619148495,,,-0.031334,2000,63,31.746031746031747,406.3,results/runs/base=xlmr__cond=baza__n=2000__seed=42.json
xlmr,contrast,baza,1,original,none,2000,7,True,200.0,1000,0.8333888569013228,2000,0.8301446525893255,False,test,0.799775566677017,,,-0.033613,2000,63,31.746031746031747,211.6,results/runs/base=xlmr__cond=baza__n=2000__seed=7.json
xlmr,contrast,baza,1,original,none,500,13,True,200.0,800,0.7921487949508019,2000,0.7899578458326655,False,test,0.7721107931369137,,,-0.020038,2000,16,125.0,193.4,results/runs/base=xlmr__cond=baza__n=500__seed=13.json
xlmr,contrast,baza,1,original,none,500,1337,True,200.0,400,0.7950548779047496,2000,0.7855017175099652,False,test,0.772334163526548,,,-0.022721,2000,16,125.0,211.7,results/runs/base=xlmr__cond=baza__n=500__seed=1337.json
xlmr,contrast,baza,1,original,none,500,2024,True,200.0,2000,0.7954125981611092,2000,0.7954125981611092,False,test,0.7807580985972935,,,-0.014654,2000,16,125.0,180.6,results/runs/base=xlmr__cond=baza__n=500__seed=2024.json
xlmr,contrast,baza,1,original,none,500,42,True,200.0,1000,0.8100301336029228,2000,0.803939505044778,False,test,0.7913061802444961,,,-0.018724,2000,16,125.0,228.4,results/runs/base=xlmr__cond=baza__n=500__seed=42.json
xlmr,contrast,baza,1,original,none,500,7,True,200.0,1400,0.7975634933258465,2000,0.7936178800417792,False,test,0.7751907284908058,,,-0.022373,2000,16,125.0,185.1,results/runs/base=xlmr__cond=baza__n=500__seed=7.json
xlmr,contrast,her_ikisi,4,omp,real,2000,13,True,200.0,1600,0.7806561469473294,2000,0.7794938596812391,False,test,0.7658413336840337,0.6979119736170544,False,-0.014815,2000,63,31.746031746031747,156.6,results/runs/base=xlmr__cond=her_ikisi__n=2000__seed=13.json
xlmr,contrast,her_ikisi,4,omp,real,2000,1337,True,200.0,1400,0.7674549165706052,2000,0.7638304311666393,False,test,0.7524956488230363,0.7022173534975505,False,-0.014959,2000,63,31.746031746031747,161.6,results/runs/base=xlmr__cond=her_ikisi__n=2000__seed=1337.json
xlmr,contrast,her_ikisi,4,omp,real,2000,2024,True,200.0,600,0.7670044437594719,2000,0.7585701272622366,False,test,0.748924859097575,0.7003876938802128,False,-0.01808,2000,63,31.746031746031747,153.4,results/runs/base=xlmr__cond=her_ikisi__n=2000__seed=2024.json
xlmr,contrast,her_ikisi,4,omp,real,2000,42,True,200.0,2000,0.7652822581939456,2000,0.7652822581939456,False,test,0.744336966369302,0.7042867408148705,False,-0.020945,2000,63,31.746031746031747,157.6,results/runs/base=xlmr__cond=her_ikisi__n=2000__seed=42.json
xlmr,contrast,her_ikisi,4,omp,real,2000,7,True,200.0,400,0.7734761788815843,2000,0.7648802888887747,False,test,0.7615269570459133,0.6903326711415877,False,-0.011949,2000,63,31.746031746031747,158.0,results/runs/base=xlmr__cond=her_ikisi__n=2000__seed=7.json
xlmr,contrast,her_ikisi,4,omp,real,500,13,True,200.0,1600,0.7241052520227342,2000,0.7240536723163842,False,test,0.7145023005523529,0.6979119736170544,False,-0.009603,2000,16,125.0,159.9,results/runs/base=xlmr__cond=her_ikisi__n=500__seed=13.json
xlmr,contrast,her_ikisi,4,omp,real,500,1337,True,200.0,1800,0.7381020325265957,2000,0.7366469028440262,False,test,0.7266455563316008,0.7022173534975505,False,-0.011456,2000,16,125.0,160.5,results/runs/base=xlmr__cond=her_ikisi__n=500__seed=1337.json
xlmr,contrast,her_ikisi,4,omp,real,500,2024,True,200.0,1600,0.747173350893818,2000,0.737372575670448,False,test,0.7314025123801744,0.7003876938802128,False,-0.015771,2000,16,125.0,157.2,results/runs/base=xlmr__cond=her_ikisi__n=500__seed=2024.json
xlmr,contrast,her_ikisi,4,omp,real,500,42,True,200.0,2000,0.6900483437871718,2000,0.6900483437871718,False,test,0.6949304677745916,0.7042867408148705,False,0.004882,2000,16,125.0,159.4,results/runs/base=xlmr__cond=her_ikisi__n=500__seed=42.json
xlmr,contrast,her_ikisi,4,omp,real,500,7,True,200.0,2000,0.7308539249808513,2000,0.7308539249808513,False,test,0.7190296156269691,0.6903326711415877,False,-0.011824,2000,16,125.0,155.5,results/runs/base=xlmr__cond=her_ikisi__n=500__seed=7.json
xlmr,contrast,tokenizator,3,omp,none,2000,13,True,200.0,1800,0.7609634257786774,2000,0.7577299254101619,False,test,0.7460339257396089,,,-0.01493,2000,63,31.746031746031747,163.6,results/runs/base=xlmr__cond=tokenizator__n=2000__seed=13.json
xlmr,contrast,tokenizator,3,omp,none,2000,1337,True,200.0,1000,0.7491367116957022,2000,0.7487731044095562,False,test,0.7322997515525388,,,-0.016837,2000,63,31.746031746031747,173.1,results/runs/base=xlmr__cond=tokenizator__n=2000__seed=1337.json
xlmr,contrast,tokenizator,3,omp,none,2000,2024,True,200.0,2000,0.7645728793125086,2000,0.7645728793125086,False,test,0.7317784716092566,,,-0.032794,2000,63,31.746031746031747,169.7,results/runs/base=xlmr__cond=tokenizator__n=2000__seed=2024.json
xlmr,contrast,tokenizator,3,omp,none,2000,42,True,200.0,800,0.7745214804779499,2000,0.7642092434678822,False,test,0.7360468205861986,,,-0.038475,2000,63,31.746031746031747,204.6,results/runs/base=xlmr__cond=tokenizator__n=2000__seed=42.json
xlmr,contrast,tokenizator,3,omp,none,2000,7,True,200.0,800,0.759652361768329,2000,0.7511825851934065,False,test,0.7560069545042828,,,-0.003645,2000,63,31.746031746031747,180.0,results/runs/base=xlmr__cond=tokenizator__n=2000__seed=7.json
xlmr,contrast,tokenizator,3,omp,none,500,13,True,200.0,1600,0.7215908631361483,2000,0.7158631092795682,False,test,0.6932514245014245,,,-0.028339,2000,16,125.0,168.7,results/runs/base=xlmr__cond=tokenizator__n=500__seed=13.json
xlmr,contrast,tokenizator,3,omp,none,500,1337,True,200.0,1800,0.7286456434244648,2000,0.7235937049841544,False,test,0.7125601770431285,,,-0.016085,2000,16,125.0,169.2,results/runs/base=xlmr__cond=tokenizator__n=500__seed=1337.json
xlmr,contrast,tokenizator,3,omp,none,500,2024,True,200.0,1200,0.7312763171408031,2000,0.7296877333260277,False,test,0.7233208971836127,,,-0.007955,2000,16,125.0,158.7,results/runs/base=xlmr__cond=tokenizator__n=500__seed=2024.json
xlmr,contrast,tokenizator,3,omp,none,500,42,True,200.0,2000,0.7163787327825815,2000,0.7163787327825815,False,test,0.6985681067678051,,,-0.017811,2000,16,125.0,169.1,results/runs/base=xlmr__cond=tokenizator__n=500__seed=42.json
xlmr,contrast,tokenizator,3,omp,none,500,7,True,200.0,800,0.7011789607191536,2000,0.6992385734581408,False,test,0.6899206090639414,,,-0.011258,2000,16,125.0,159.7,results/runs/base=xlmr__cond=tokenizator__n=500__seed=7.json
xlmr,contrast,transplant_mean,6,omp,none,2000,13,True,200.0,1000,0.7754363857716029,2000,0.7731879232499124,False,test,0.7518832593886591,,,-0.023553,2000,63,31.746031746031747,157.0,results/runs/base=xlmr__cond=transplant_mean__n=2000__seed=13.json
xlmr,contrast,transplant_mean,6,omp,none,2000,1337,True,200.0,1800,0.7873477908203784,2000,0.7814340308232051,False,test,0.7671408190236642,,,-0.020207,2000,63,31.746031746031747,157.4,results/runs/base=xlmr__cond=transplant_mean__n=2000__seed=1337.json
xlmr,contrast,transplant_mean,6,omp,none,2000,2024,True,200.0,1200,0.7706914789824486,2000,0.7678165381842383,False,test,0.7379000633269208,,,-0.032791,2000,63,31.746031746031747,156.0,results/runs/base=xlmr__cond=transplant_mean__n=2000__seed=2024.json
xlmr,contrast,transplant_mean,6,omp,none,2000,42,True,400.0,2000,0.771825880393034,2000,0.771825880393034,False,test,0.7648609478936713,,,-0.006965,2000,63,31.746031746031747,152.2,results/runs/base=xlmr__cond=transplant_mean__n=2000__seed=42.json
xlmr,contrast,transplant_mean,6,omp,none,2000,7,True,200.0,600,0.7808929176918233,2000,0.7733853802125248,False,test,0.7674580804243123,,,-0.013435,2000,63,31.746031746031747,157.2,results/runs/base=xlmr__cond=transplant_mean__n=2000__seed=7.json
xlmr,contrast,transplant_mean,6,omp,none,500,13,True,200.0,1400,0.7411587273717715,2000,0.7355758960665503,False,test,0.7173128940867077,,,-0.023846,2000,16,125.0,158.2,results/runs/base=xlmr__cond=transplant_mean__n=500__seed=13.json
xlmr,contrast,transplant_mean,6,omp,none,500,1337,True,200.0,1800,0.756757778154838,2000,0.7559100602111404,False,test,0.73006590432749,,,-0.026692,2000,16,125.0,158.5,results/runs/base=xlmr__cond=transplant_mean__n=500__seed=1337.json
xlmr,contrast,transplant_mean,6,omp,none,500,2024,True,200.0,1800,0.7537788397813538,2000,0.7420551048301338,False,test,0.7213913411183628,,,-0.032387,2000,16,125.0,159.0,results/runs/base=xlmr__cond=transplant_mean__n=500__seed=2024.json
xlmr,contrast,transplant_mean,6,omp,none,500,42,True,200.0,1800,0.726607243980542,2000,0.7221846540070129,False,test,0.7118962069469301,,,-0.014711,2000,16,125.0,157.5,results/runs/base=xlmr__cond=transplant_mean__n=500__seed=42.json
xlmr,contrast,transplant_mean,6,omp,none,500,7,True,200.0,1600,0.7320667657624179,2000,0.7283147841649381,False,test,0.7277905158793511,,,-0.004276,2000,16,125.0,160.0,results/runs/base=xlmr__cond=transplant_mean__n=500__seed=7.json
xlmr,contrast,transplant_random_coef,7,omp,none,2000,13,True,200.0,600,0.7225723083182305,2000,0.7115301035818721,False,test,0.7119873496958444,,,-0.010585,2000,63,31.746031746031747,151.9,results/runs/base=xlmr__cond=transplant_random_coef__n=2000__seed=13.json
xlmr,contrast,transplant_random_coef,7,omp,none,2000,1337,True,200.0,1000,0.7276429862766045,2000,0.7172963344534418,False,test,0.716087900162778,,,-0.011555,2000,63,31.746031746031747,153.8,results/runs/base=xlmr__cond=transplant_random_coef__n=2000__seed=1337.json
xlmr,contrast,transplant_random_coef,7,omp,none,2000,2024,True,200.0,1600,0.740549171630515,2000,0.7362667611608403,False,test,0.7183464686774561,,,-0.022203,2000,63,31.746031746031747,157.4,results/runs/base=xlmr__cond=transplant_random_coef__n=2000__seed=2024.json
xlmr,contrast,transplant_random_coef,7,omp,none,2000,42,True,400.0,800,0.730558337056265,2000,0.7180077339615814,False,test,0.715930703390776,,,-0.014628,2000,63,31.746031746031747,151.9,results/runs/base=xlmr__cond=transplant_random_coef__n=2000__seed=42.json
xlmr,contrast,transplant_random_coef,7,omp,none,2000,7,True,200.0,1600,0.7272974022680803,2000,0.7183579114080063,False,test,0.7148848288740215,,,-0.012413,2000,63,31.746031746031747,153.9,results/runs/base=xlmr__cond=transplant_random_coef__n=2000__seed=7.json
xlmr,contrast,transplant_random_coef,7,omp,none,500,13,True,200.0,800,0.7001073343605904,2000,0.6860003275443431,False,test,0.6906261116339756,,,-0.009481,2000,16,125.0,159.6,results/runs/base=xlmr__cond=transplant_random_coef__n=500__seed=13.json
xlmr,contrast,transplant_random_coef,7,omp,none,500,1337,True,200.0,1400,0.7033790094610404,2000,0.701347997319071,False,test,0.6902156138784412,,,-0.013163,2000,16,125.0,159.3,results/runs/base=xlmr__cond=transplant_random_coef__n=500__seed=1337.json
xlmr,contrast,transplant_random_coef,7,omp,none,500,2024,True,200.0,1800,0.7160951250712821,2000,0.7114948398329203,False,test,0.6976398413378444,,,-0.018455,2000,16,125.0,158.1,results/runs/base=xlmr__cond=transplant_random_coef__n=500__seed=2024.json
xlmr,contrast,transplant_random_coef,7,omp,none,500,42,True,200.0,2000,0.6925292669322956,2000,0.6925292669322956,False,test,0.6886445550309745,,,-0.003885,2000,16,125.0,158.9,results/runs/base=xlmr__cond=transplant_random_coef__n=500__seed=42.json
xlmr,contrast,transplant_random_coef,7,omp,none,500,7,True,200.0,2000,0.6802679327322194,2000,0.6802679327322194,False,test,0.6662887500927932,,,-0.013979,2000,16,125.0,159.5,results/runs/base=xlmr__cond=transplant_random_coef__n=500__seed=7.json
xlmr,contrast,turk,2,original,real,2000,13,True,200.0,400,0.8326269551352143,2000,0.8243571960648326,False,test,0.8024244147492564,0.7987545709863517,False,-0.030203,2000,63,31.746031746031747,166.8,results/runs/base=xlmr__cond=turk__n=2000__seed=13.json
xlmr,contrast,turk,2,original,real,2000,1337,True,200.0,400,0.8315750901077184,2000,0.8301620973755076,False,test,0.8105160866773407,0.7995482308881209,False,-0.021059,2000,63,31.746031746031747,166.5,results/runs/base=xlmr__cond=turk__n=2000__seed=1337.json
xlmr,contrast,turk,2,original,real,2000,2024,True,200.0,800,0.8269549383230581,2000,0.818326394610174,False,test,0.8053674313698207,0.7965848769738813,False,-0.021588,2000,63,31.746031746031747,172.2,results/runs/base=xlmr__cond=turk__n=2000__seed=2024.json
xlmr,contrast,turk,2,original,real,2000,42,True,200.0,1600,0.8308735020192185,2000,0.8305253005378826,False,test,0.8021063238131432,0.7981671757078539,False,-0.028767,2000,63,31.746031746031747,169.3,results/runs/base=xlmr__cond=turk__n=2000__seed=42.json
xlmr,contrast,turk,2,original,real,2000,7,True,200.0,1000,0.8315686888815843,2000,0.8255016091985896,False,test,0.803810377497814,0.7902730918536656,False,-0.027758,2000,63,31.746031746031747,167.8,results/runs/base=xlmr__cond=turk__n=2000__seed=7.json
xlmr,contrast,turk,2,original,real,500,13,True,200.0,1200,0.8068119477338109,2000,0.8050857553661293,False,test,0.7892245720040283,0.7987545709863517,False,-0.017587,2000,16,125.0,173.4,results/runs/base=xlmr__cond=turk__n=500__seed=13.json
xlmr,contrast,turk,2,original,real,500,1337,True,200.0,800,0.8156889498730638,2000,0.812940844757934,False,test,0.7860361498717263,0.7995482308881209,False,-0.029653,2000,16,125.0,171.3,results/runs/base=xlmr__cond=turk__n=500__seed=1337.json
xlmr,contrast,turk,2,original,real,500,2024,True,200.0,1400,0.8116995762172237,2000,0.8095107541994764,False,test,0.7913817891939852,0.7965848769738813,False,-0.020318,2000,16,125.0,169.2,results/runs/base=xlmr__cond=turk__n=500__seed=2024.json
xlmr,contrast,turk,2,original,real,500,42,True,200.0,2000,0.8196708129433092,2000,0.8196708129433092,False,test,0.7928948364309141,0.7981671757078539,False,-0.026776,2000,16,125.0,172.1,results/runs/base=xlmr__cond=turk__n=500__seed=42.json
xlmr,contrast,turk,2,original,real,500,7,True,200.0,2000,0.820840574172901,2000,0.820840574172901,False,test,0.7954378131902059,0.7902730918536656,False,-0.025403,2000,16,125.0,170.5,results/runs/base=xlmr__cond=turk__n=500__seed=7.json
xlmr,contrast,turk_qarisiq,5,original,scrambled,2000,13,True,200.0,1000,0.825508329652134,2000,0.818688426428055,False,test,0.7947895293393799,0.7716776238860131,False,-0.030719,2000,63,31.746031746031747,168.1,results/runs/base=xlmr__cond=turk_qarisiq__n=2000__seed=13.json
xlmr,contrast,turk_qarisiq,5,original,scrambled,2000,1337,True,200.0,600,0.8301634928036052,2000,0.8269365494481766,False,test,0.796170131754295,0.770755705082041,False,-0.033993,2000,63,31.746031746031747,166.1,results/runs/base=xlmr__cond=turk_qarisiq__n=2000__seed=1337.json
xlmr,contrast,turk_qarisiq,5,original,scrambled,2000,2024,True,200.0,1400,0.8269287283805826,2000,0.8252291299484631,False,test,0.795646863611041,0.7657957792247605,False,-0.031282,2000,63,31.746031746031747,171.8,results/runs/base=xlmr__cond=turk_qarisiq__n=2000__seed=2024.json
xlmr,contrast,turk_qarisiq,5,original,scrambled,2000,42,True,200.0,1200,0.8233585349455895,2000,0.8208521660006551,False,test,0.7938292444383112,0.7723243721857794,False,-0.029529,2000,63,31.746031746031747,167.7,results/runs/base=xlmr__cond=turk_qarisiq__n=2000__seed=42.json
xlmr,contrast,turk_qarisiq,5,original,scrambled,2000,7,True,200.0,1400,0.8284831308708714,2000,0.8254954259241072,False,test,0.8052922681109864,0.782862720338883,False,-0.023191,2000,63,31.746031746031747,173.5,results/runs/base=xlmr__cond=turk_qarisiq__n=2000__seed=7.json
xlmr,contrast,turk_qarisiq,5,original,scrambled,500,13,True,200.0,1800,0.7932602412697956,2000,0.7906353497768583,False,test,0.7675569233227613,0.7716776238860131,False,-0.025703,2000,16,125.0,173.1,results/runs/base=xlmr__cond=turk_qarisiq__n=500__seed=13.json
xlmr,contrast,turk_qarisiq,5,original,scrambled,500,1337,True,200.0,1400,0.8117901307909432,2000,0.8093020985846755,False,test,0.7791914285812152,0.770755705082041,False,-0.032599,2000,16,125.0,168.5,results/runs/base=xlmr__cond=turk_qarisiq__n=500__seed=1337.json
xlmr,contrast,turk_qarisiq,5,original,scrambled,500,2024,True,200.0,1200,0.8062361729503569,2000,0.8049553151376414,False,test,0.7860406579632486,0.7657957792247605,False,-0.020196,2000,16,125.0,171.1,results/runs/base=xlmr__cond=turk_qarisiq__n=500__seed=2024.json
xlmr,contrast,turk_qarisiq,5,original,scrambled,500,42,True,200.0,1600,0.8072286155916049,2000,0.8044981887329357,False,test,0.784041601227218,0.7723243721857794,False,-0.023187,2000,16,125.0,172.0,results/runs/base=xlmr__cond=turk_qarisiq__n=500__seed=42.json
xlmr,contrast,turk_qarisiq,5,original,scrambled,500,7,True,200.0,1000,0.8082406493582379,2000,0.804002834151188,False,test,0.7902484368968364,0.782862720338883,False,-0.017992,2000,16,125.0,169.9,results/runs/base=xlmr__cond=turk_qarisiq__n=500__seed=7.json
