base,train_size,baseline,comparison,n_runs_baseline,n_runs_comparison,baseline_escape,comparison_escape,baseline_escape_rate,comparison_escape_rate,baseline_escape_wilson_ci,comparison_escape_wilson_ci,escape_rate_diff,escape_fisher_odds_ratio,escape_fisher_p_value,escape_significant,n_escaped_baseline,n_escaped_comparison,conditional_mean_baseline,conditional_mean_comparison,conditional_status,conditional_baseline_ci,conditional_comparison_ci,conditional_diff,conditional_ci_low,conditional_ci_high,conditional_ci_excludes_zero,conditional_t_stat,conditional_p_value,conditional_significant,conditional_cohens_d,seed_std_pooled,diff_over_noise,n_shared_escaped_seeds,shared_escaped_seeds,paired_status,paired_mean_diff,paired_t_stat,paired_p_value,paired_significant,paired_all_same_sign,all_seed_mean_baseline,all_seed_mean_comparison,all_seed_diff,all_seed_diff_sign_matches_conditional,all_seed_paired_p_value,all_seed_paired_n,p_adjusted_holm,survives_family_correction,paired_note,conditional_note
xlm15,500,baza,her_ikisi,5,5,3/5,5/5,0.6,1.0,"[0.2307242812760128, 0.882379225767352]","[0.5655175352168251, 1.0]",0.4,,0.44444,False,3,5,0.6306,0.6217,MEASURED,"[0.6212992173530448, 0.6391661065822913]","[0.6111778965274507, 0.6304337615509505]",-0.0089,-0.0219,0.0035,False,-1.1616,0.29239,False,-0.771,0.0109,0.81,3.0,"[7, 13, 1337]",MEASURED,-0.0124,-1.0046,0.42089,False,False,0.5117,0.6217,0.11,,0.21792,5.0,1.0,False,,
xlm15,500,baza,tokenizator,5,5,3/5,2/5,0.6,0.4,"[0.2307242812760128, 0.882379225767352]","[0.11762077423264783, 0.769275718723987]",-0.2,0.4444,1.0,False,3,2,0.6306,0.5272,MEASURED,"[0.6212992173530448, 0.6391661065822913]","[0.4402749578162218, 0.6140960336327752]",-0.1034,-0.1963,-0.0105,True,-1.1877,0.44445,False,-1.449,0.0871,1.19,2.0,"[7, 1337]",MEASURED,-0.0991,-1.0784,0.47601,False,True,0.5117,0.4109,-0.1008,,0.18453,5.0,1.0,False,,
xlm15,500,baza,transplant_mean,5,5,3/5,2/5,0.6,0.4,"[0.2307242812760128, 0.882379225767352]","[0.11762077423264783, 0.769275718723987]",-0.2,0.4444,1.0,False,3,2,0.6306,0.6359,MEASURED,"[0.6212992173530448, 0.6391661065822913]","[0.6269226842943625, 0.644939537283105]",0.0053,-0.0096,0.0203,False,0.5143,0.66671,False,0.515,0.011,0.49,1.0,[7],NOT MEASURED,,,,,,0.5117,0.4544,-0.0573,,0.64348,5.0,1.0,False,"Only 1 seed(s) escaped in BOTH arms, so no paired test exists. The conditional Welch result above therefore compares DIFFERENT experimental units, not a treatment contrast on matched units.",
xlm15,500,baza,transplant_random_coef,5,5,3/5,3/5,0.6,0.6,"[0.2307242812760128, 0.882379225767352]","[0.2307242812760128, 0.882379225767352]",0.0,1.0,1.0,False,3,3,0.6306,0.6192,MEASURED,"[0.6212992173530448, 0.6391661065822913]","[0.6094168066104837, 0.6315956694105044]",-0.0114,-0.0247,0.002,False,-1.3666,0.24703,False,-1.116,0.0102,1.12,1.0,[13],NOT MEASURED,,,,,,0.5117,0.5049,-0.0068,,0.9608,5.0,1.0,False,"Only 1 seed(s) escaped in BOTH arms, so no paired test exists. The conditional Welch result above therefore compares DIFFERENT experimental units, not a treatment contrast on matched units.",
xlm15,500,baza,turk,5,5,3/5,4/5,0.6,0.8,"[0.2307242812760128, 0.882379225767352]","[0.37553462976252533, 0.9637758913675698]",0.2,2.6667,1.0,False,3,4,0.6306,0.6141,MEASURED,"[0.6212992173530448, 0.6391661065822913]","[0.5750117401149344, 0.6388137460366372]",-0.0165,-0.0563,0.0111,False,-0.7929,0.47967,False,-0.52,0.0292,0.57,3.0,"[7, 13, 1337]",MEASURED,0.0033,0.3586,0.75419,False,False,0.5117,0.558,0.0462,,0.35299,5.0,1.0,False,,
xlm15,500,baza,turk_qarisiq,5,5,3/5,3/5,0.6,0.6,"[0.2307242812760128, 0.882379225767352]","[0.2307242812760128, 0.882379225767352]",0.0,1.0,1.0,False,3,3,0.6306,0.6348,MEASURED,"[0.6212992173530448, 0.6391661065822913]","[0.6195650189995943, 0.6455713255370666]",0.0042,-0.011,0.0189,False,0.4516,0.6784,False,0.369,0.0115,0.37,2.0,"[7, 13]",MEASURED,-0.0008,-0.8037,0.569,False,False,0.5117,0.5143,0.0025,,0.98022,5.0,1.0,False,,
xlm15,500,her_ikisi,tokenizator,5,5,5/5,2/5,1.0,0.4,"[0.5655175352168251, 1.0]","[0.11762077423264783, 0.769275718723987]",-0.6,0.0,0.16667,False,5,2,0.6217,0.5272,MEASURED,"[0.6111778965274507, 0.6304337615509505]","[0.4402749578162218, 0.6140960336327752]",-0.0945,-0.188,-0.0011,True,-1.0853,0.4728,False,-1.684,0.0874,1.08,2.0,"[7, 1337]",MEASURED,-0.099,-1.0874,0.47337,False,True,0.6217,0.4109,-0.2108,,0.0177,5.0,1.0,False,,
xlm15,500,her_ikisi,transplant_mean,5,5,5/5,2/5,1.0,0.4,"[0.5655175352168251, 1.0]","[0.11762077423264783, 0.769275718723987]",-0.6,0.0,0.16667,False,5,2,0.6217,0.6359,MEASURED,"[0.6111778965274507, 0.6304337615509505]","[0.6269226842943625, 0.644939537283105]",0.0142,-0.0013,0.0298,False,1.3388,0.32053,False,1.126,0.0127,1.12,2.0,"[7, 2024]",MEASURED,0.0076,2.7928,0.2189,False,True,0.6217,0.4544,-0.1673,,0.07952,5.0,1.0,False,,
xlm15,500,her_ikisi,transplant_random_coef,5,5,5/5,3/5,1.0,0.6,"[0.5655175352168251, 1.0]","[0.2307242812760128, 0.882379225767352]",-0.4,0.0,0.44444,False,5,3,0.6217,0.6192,MEASURED,"[0.6111778965274507, 0.6304337615509505]","[0.6094168066104837, 0.6315956694105044]",-0.0025,-0.0161,0.0121,False,-0.2898,0.78416,False,-0.205,0.012,0.21,3.0,"[13, 42, 2024]",MEASURED,0.0005,0.0554,0.96084,False,False,0.6217,0.5049,-0.1168,,0.18026,5.0,1.0,False,,
xlm15,500,her_ikisi,turk,5,5,5/5,4/5,1.0,0.8,"[0.5655175352168251, 1.0]","[0.37553462976252533, 0.9637758913675698]",-0.2,0.0,1.0,False,5,4,0.6217,0.6141,MEASURED,"[0.6111778965274507, 0.6304337615509505]","[0.5750117401149344, 0.6388137460366372]",-0.0076,-0.0485,0.021,False,-0.3638,0.73705,False,-0.271,0.0299,0.25,4.0,"[7, 13, 42, 1337]",MEASURED,-0.0044,-0.2161,0.84274,False,False,0.6217,0.558,-0.0638,,0.35785,5.0,1.0,False,,
xlm15,500,her_ikisi,turk_qarisiq,5,5,5/5,3/5,1.0,0.6,"[0.5655175352168251, 1.0]","[0.2307242812760128, 0.882379225767352]",-0.4,0.0,0.44444,False,5,3,0.6217,0.6348,MEASURED,"[0.6111778965274507, 0.6304337615509505]","[0.6195650189995943, 0.6455713255370666]",0.0131,-0.003,0.0287,False,1.3592,0.24467,False,1.014,0.0131,1.0,3.0,"[7, 13, 2024]",MEASURED,0.0153,1.3044,0.322,False,False,0.6217,0.5143,-0.1074,,0.22744,5.0,1.0,False,,
xlm15,500,tokenizator,transplant_mean,5,5,2/5,2/5,0.4,0.4,"[0.11762077423264783, 0.769275718723987]","[0.11762077423264783, 0.769275718723987]",0.0,1.0,1.0,False,2,2,0.5272,0.6359,MEASURED,"[0.4402749578162218, 0.6140960336327752]","[0.6269226842943625, 0.644939537283105]",0.1087,0.0128,0.2047,True,1.2446,0.4276,False,1.245,0.0874,1.24,1.0,[7],NOT MEASURED,,,,,,0.4109,0.4544,0.0435,,0.57019,5.0,1.0,False,"Only 1 seed(s) escaped in BOTH arms, so no paired test exists. The conditional Welch result above therefore compares DIFFERENT experimental units, not a treatment contrast on matched units.",
xlm15,500,tokenizator,transplant_random_coef,5,5,2/5,3/5,0.4,0.6,"[0.11762077423264783, 0.769275718723987]","[0.2307242812760128, 0.882379225767352]",0.2,2.25,1.0,False,2,3,0.5272,0.6192,MEASURED,"[0.4402749578162218, 0.6140960336327752]","[0.6094168066104837, 0.6315956694105044]",0.092,-0.0023,0.1863,False,1.0558,0.48118,False,1.286,0.0873,1.05,0.0,[],NOT MEASURED,,,,,,0.4109,0.5049,0.094,,0.47974,5.0,1.0,False,"Only 0 seed(s) escaped in BOTH arms, so no paired test exists. The conditional Welch result above therefore compares DIFFERENT experimental units, not a treatment contrast on matched units.",
xlm15,500,tokenizator,turk,5,5,2/5,4/5,0.4,0.8,"[0.11762077423264783, 0.769275718723987]","[0.37553462976252533, 0.9637758913675698]",0.4,6.0,0.52381,False,2,4,0.5272,0.6141,MEASURED,"[0.4402749578162218, 0.6140960336327752]","[0.5750117401149344, 0.6388137460366372]",0.0869,-0.0217,0.1955,False,0.974,0.49522,False,1.229,0.0915,0.95,2.0,"[7, 1337]",MEASURED,0.1116,1.2481,0.43003,False,True,0.4109,0.558,0.147,,0.06302,5.0,1.0,False,,
xlm15,500,tokenizator,turk_qarisiq,5,5,2/5,3/5,0.4,0.6,"[0.11762077423264783, 0.769275718723987]","[0.2307242812760128, 0.882379225767352]",0.2,2.25,1.0,False,2,3,0.5272,0.6348,MEASURED,"[0.4402749578162218, 0.6140960336327752]","[0.6195650189995943, 0.6455713255370666]",0.1076,0.0121,0.2032,True,1.2336,0.43117,False,1.499,0.0874,1.23,1.0,[7],NOT MEASURED,,,,,,0.4109,0.5143,0.1033,,0.29743,5.0,1.0,False,"Only 1 seed(s) escaped in BOTH arms, so no paired test exists. The conditional Welch result above therefore compares DIFFERENT experimental units, not a treatment contrast on matched units.",
xlm15,500,transplant_mean,transplant_random_coef,5,5,2/5,3/5,0.4,0.6,"[0.11762077423264783, 0.769275718723987]","[0.2307242812760128, 0.882379225767352]",0.2,2.25,1.0,False,2,3,0.6359,0.6192,MEASURED,"[0.6269226842943625, 0.644939537283105]","[0.6094168066104837, 0.6315956694105044]",-0.0167,-0.0331,-0.0003,True,-1.5032,0.26899,False,-1.416,0.012,1.39,1.0,[2024],NOT MEASURED,,,,,,0.4544,0.5049,0.0505,,0.66851,5.0,1.0,False,"Only 1 seed(s) escaped in BOTH arms, so no paired test exists. The conditional Welch result above therefore compares DIFFERENT experimental units, not a treatment contrast on matched units.",
xlm15,500,transplant_mean,turk,5,5,2/5,4/5,0.4,0.8,"[0.11762077423264783, 0.769275718723987]","[0.37553462976252533, 0.9637758913675698]",0.4,6.0,0.52381,False,2,4,0.6359,0.6141,MEASURED,"[0.6269226842943625, 0.644939537283105]","[0.5750117401149344, 0.6388137460366372]",-0.0218,-0.064,0.0089,False,-0.9892,0.38048,False,-0.615,0.0299,0.73,1.0,[7],NOT MEASURED,,,,,,0.4544,0.558,0.1035,,0.42466,5.0,1.0,False,"Only 1 seed(s) escaped in BOTH arms, so no paired test exists. The conditional Welch result above therefore compares DIFFERENT experimental units, not a treatment contrast on matched units.",
xlm15,500,transplant_mean,turk_qarisiq,5,5,2/5,3/5,0.4,0.6,"[0.11762077423264783, 0.769275718723987]","[0.2307242812760128, 0.882379225767352]",0.2,2.25,1.0,False,2,3,0.6359,0.6348,MEASURED,"[0.6269226842943625, 0.644939537283105]","[0.6195650189995943, 0.6455713255370666]",-0.0011,-0.0188,0.0166,False,-0.0922,0.9337,False,-0.083,0.0132,0.08,2.0,"[7, 2024]",MEASURED,-0.0034,-0.8418,0.55453,False,False,0.4544,0.5143,0.0598,,0.38592,5.0,1.0,False,,
xlm15,500,transplant_random_coef,turk,5,5,3/5,4/5,0.6,0.8,"[0.2307242812760128, 0.882379225767352]","[0.37553462976252533, 0.9637758913675698]",0.2,2.6667,1.0,False,3,4,0.6192,0.6141,MEASURED,"[0.6094168066104837, 0.6315956694105044]","[0.5750117401149344, 0.6388137460366372]",-0.0051,-0.0453,0.024,False,-0.2414,0.82237,False,-0.16,0.0296,0.17,2.0,"[13, 42]",MEASURED,-0.0311,-0.6791,0.62024,False,False,0.5049,0.558,0.0531,,0.66514,5.0,1.0,False,,
xlm15,500,transplant_random_coef,turk_qarisiq,5,5,3/5,3/5,0.6,0.6,"[0.2307242812760128, 0.882379225767352]","[0.2307242812760128, 0.882379225767352]",0.0,1.0,1.0,False,3,3,0.6192,0.6348,MEASURED,"[0.6094168066104837, 0.6315956694105044]","[0.6195650189995943, 0.6455713255370666]",0.0156,-0.0004,0.0317,False,1.5312,0.20275,False,1.25,0.0125,1.25,2.0,"[13, 2024]",MEASURED,0.0295,61.18,0.0104,True,True,0.5049,0.5143,0.0094,,0.92435,5.0,1.0,False,,
xlm15,500,turk,turk_qarisiq,5,5,4/5,3/5,0.8,0.6,"[0.37553462976252533, 0.9637758913675698]","[0.2307242812760128, 0.882379225767352]",-0.2,0.375,1.0,False,4,3,0.6141,0.6348,MEASURED,"[0.5750117401149344, 0.6388137460366372]","[0.6195650189995943, 0.6455713255370666]",0.0207,-0.0096,0.0619,False,0.9589,0.39393,False,0.64,0.0301,0.69,2.0,"[7, 13]",MEASURED,-0.0008,-0.047,0.97012,False,False,0.558,0.5143,-0.0437,,0.70585,5.0,1.0,False,,
xlm15,2000,baza,her_ikisi,5,5,2/5,5/5,0.4,1.0,"[0.11762077423264783, 0.769275718723987]","[0.5655175352168251, 1.0]",0.6,,0.16667,False,2,5,0.6791,0.6712,MEASURED,"[0.6741032842236678, 0.6841082978273758]","[0.6446632514302101, 0.6886857121504738]",-0.0079,-0.035,0.0119,False,-0.5605,0.60011,False,-0.298,0.0214,0.37,2.0,"[42, 1337]",MEASURED,0.0022,0.1781,0.88778,False,False,0.4799,0.6712,0.1913,,0.07454,5.0,1.0,False,,
xlm15,2000,baza,tokenizator,5,5,2/5,3/5,0.4,0.6,"[0.11762077423264783, 0.769275718723987]","[0.2307242812760128, 0.882379225767352]",0.2,2.25,1.0,False,2,3,0.6791,0.6148,MEASURED,"[0.6741032842236678, 0.6841082978273758]","[0.4640341866103985, 0.69074513977798]",-0.0643,-0.2151,0.0163,False,-0.8506,0.48392,False,-0.602,0.0925,0.7,1.0,[42],NOT MEASURED,,,,,,0.4799,0.5023,0.0224,,0.85594,5.0,1.0,False,"Only 1 seed(s) escaped in BOTH arms, so no paired test exists. The conditional Welch result above therefore compares DIFFERENT experimental units, not a treatment contrast on matched units.",
xlm15,2000,baza,transplant_mean,5,5,2/5,3/5,0.4,0.6,"[0.11762077423264783, 0.769275718723987]","[0.2307242812760128, 0.882379225767352]",0.2,2.25,1.0,False,2,3,0.6791,0.6955,MEASURED,"[0.6741032842236678, 0.6841082978273758]","[0.6753847915547664, 0.7058219223367953]",0.0164,-0.0037,0.0315,False,1.4588,0.24776,False,1.107,0.0133,1.23,2.0,"[42, 1337]",MEASURED,0.0264,5.6058,0.11238,False,True,0.4799,0.5507,0.0708,,0.36263,5.0,1.0,False,,
xlm15,2000,baza,transplant_random_coef,5,5,2/5,4/5,0.4,0.8,"[0.11762077423264783, 0.769275718723987]","[0.37553462976252533, 0.9637758913675698]",0.4,6.0,0.52381,False,2,4,0.6791,0.6699,MEASURED,"[0.6741032842236678, 0.6841082978273758]","[0.6644897111506797, 0.6730057936777671]",-0.0093,-0.0171,-0.0014,True,-1.6227,0.27219,False,-1.564,0.0063,1.46,2.0,"[42, 1337]",MEASURED,-0.0067,-1.5594,0.363,False,True,0.4799,0.6026,0.1227,,0.22902,5.0,1.0,False,,
xlm15,2000,baza,turk,5,5,2/5,4/5,0.4,0.8,"[0.11762077423264783, 0.769275718723987]","[0.37553462976252533, 0.9637758913675698]",0.4,6.0,0.52381,False,2,4,0.6791,0.6747,MEASURED,"[0.6741032842236678, 0.6841082978273758]","[0.6610208645185187, 0.6873804289803149]",-0.0044,-0.02,0.01,False,-0.475,0.65974,False,-0.315,0.0122,0.36,2.0,"[42, 1337]",MEASURED,-0.0119,-1.6388,0.34879,False,True,0.4799,0.6064,0.1265,,0.23664,5.0,1.0,False,,
xlm15,2000,baza,turk_qarisiq,5,5,2/5,2/5,0.4,0.4,"[0.11762077423264783, 0.769275718723987]","[0.11762077423264783, 0.769275718723987]",0.0,1.0,1.0,False,2,2,0.6791,0.6873,MEASURED,"[0.6741032842236678, 0.6841082978273758]","[0.6824677478710226, 0.6920521100255035]",0.0082,-0.0016,0.0179,False,1.1771,0.36047,False,1.177,0.0069,1.18,0.0,[],NOT MEASURED,,,,,,0.4799,0.475,-0.0049,,0.97562,5.0,1.0,False,"Only 0 seed(s) escaped in BOTH arms, so no paired test exists. The conditional Welch result above therefore compares DIFFERENT experimental units, not a treatment contrast on matched units.",
xlm15,2000,her_ikisi,tokenizator,5,5,5/5,3/5,1.0,0.6,"[0.5655175352168251, 1.0]","[0.2307242812760128, 0.882379225767352]",-0.4,0.0,0.44444,False,5,3,0.6712,0.6148,MEASURED,"[0.6446632514302101, 0.6886857121504738]","[0.4640341866103985, 0.69074513977798]",-0.0564,-0.2055,0.035,False,-0.7366,0.53416,False,-0.712,0.0947,0.6,3.0,"[7, 42, 2024]",MEASURED,-0.0724,-1.0087,0.4193,False,False,0.6712,0.5023,-0.1689,,0.07744,5.0,1.0,False,,
xlm15,2000,her_ikisi,transplant_mean,5,5,5/5,3/5,1.0,0.6,"[0.5655175352168251, 1.0]","[0.2307242812760128, 0.882379225767352]",-0.4,0.0,0.44444,False,5,3,0.6712,0.6955,MEASURED,"[0.6446632514302101, 0.6886857121504738]","[0.6753847915547664, 0.7058219223367953]",0.0243,-0.0015,0.0523,False,1.4655,0.19341,False,0.932,0.0242,1.0,3.0,"[42, 1337, 2024]",MEASURED,0.0102,0.694,0.55946,False,False,0.6712,0.5507,-0.1206,,0.21102,5.0,1.0,False,,
xlm15,2000,her_ikisi,transplant_random_coef,5,5,5/5,4/5,1.0,0.8,"[0.5655175352168251, 1.0]","[0.37553462976252533, 0.9637758913675698]",-0.2,0.0,1.0,False,5,4,0.6712,0.6699,MEASURED,"[0.6446632514302101, 0.6886857121504738]","[0.6644897111506797, 0.6730057936777671]",-0.0014,-0.02,0.0255,False,-0.1011,0.92393,False,-0.06,0.0212,0.06,4.0,"[7, 42, 1337, 2024]",MEASURED,-0.0141,-3.1759,0.05025,False,True,0.6712,0.6026,-0.0686,,0.27748,5.0,1.0,False,,
xlm15,2000,her_ikisi,turk,5,5,5/5,4/5,1.0,0.8,"[0.5655175352168251, 1.0]","[0.37553462976252533, 0.9637758913675698]",-0.2,0.0,1.0,False,5,4,0.6712,0.6747,MEASURED,"[0.6446632514302101, 0.6886857121504738]","[0.6610208645185187, 0.6873804289803149]",0.0035,-0.0202,0.0323,False,0.2258,0.82851,False,0.141,0.0236,0.15,4.0,"[7, 42, 1337, 2024]",MEASURED,-0.0093,-0.8491,0.45819,False,False,0.6712,0.6064,-0.0648,,0.31284,5.0,1.0,False,,
xlm15,2000,her_ikisi,turk_qarisiq,5,5,5/5,2/5,1.0,0.4,"[0.5655175352168251, 1.0]","[0.11762077423264783, 0.769275718723987]",-0.6,0.0,0.16667,False,5,2,0.6712,0.6873,MEASURED,"[0.6446632514302101, 0.6886857121504738]","[0.6824677478710226, 0.6920521100255035]",0.016,-0.0034,0.0426,False,1.1455,0.30595,False,0.606,0.0214,0.75,2.0,"[13, 2024]",MEASURED,0.0305,0.7378,0.59532,False,False,0.6712,0.475,-0.1963,,0.1038,5.0,1.0,False,,
xlm15,2000,tokenizator,transplant_mean,5,5,3/5,3/5,0.6,0.6,"[0.2307242812760128, 0.882379225767352]","[0.2307242812760128, 0.882379225767352]",0.0,1.0,1.0,False,3,3,0.6148,0.6955,MEASURED,"[0.4640341866103985, 0.69074513977798]","[0.6753847915547664, 0.7058219223367953]",0.0807,-0.0051,0.2215,False,1.0603,0.39687,False,0.866,0.0932,0.87,2.0,"[42, 2024]",MEASURED,0.0001,0.0055,0.99651,False,False,0.5023,0.5507,0.0484,,0.59961,5.0,1.0,False,,
xlm15,2000,tokenizator,transplant_random_coef,5,5,3/5,4/5,0.6,0.8,"[0.2307242812760128, 0.882379225767352]","[0.37553462976252533, 0.9637758913675698]",0.2,2.6667,1.0,False,3,4,0.6148,0.6699,MEASURED,"[0.4640341866103985, 0.69074513977798]","[0.6644897111506797, 0.6730057936777671]",0.055,-0.0234,0.2033,False,0.7292,0.54152,False,0.665,0.0924,0.6,3.0,"[7, 42, 2024]",MEASURED,0.0539,0.7504,0.5313,False,False,0.5023,0.6026,0.1003,,0.23816,5.0,1.0,False,,
xlm15,2000,tokenizator,turk,5,5,3/5,4/5,0.6,0.8,"[0.2307242812760128, 0.882379225767352]","[0.37553462976252533, 0.9637758913675698]",0.2,2.6667,1.0,False,3,4,0.6148,0.6747,MEASURED,"[0.4640341866103985, 0.69074513977798]","[0.6610208645185187, 0.6873804289803149]",0.0598,-0.0252,0.2064,False,0.7894,0.51106,False,0.717,0.093,0.64,3.0,"[7, 42, 2024]",MEASURED,0.0583,0.6832,0.56503,False,False,0.5023,0.6064,0.1042,,0.24876,5.0,1.0,False,,
xlm15,2000,tokenizator,turk_qarisiq,5,5,3/5,2/5,0.6,0.4,"[0.2307242812760128, 0.882379225767352]","[0.11762077423264783, 0.769275718723987]",-0.2,0.4444,1.0,False,3,2,0.6148,0.6873,MEASURED,"[0.4640341866103985, 0.69074513977798]","[0.6824677478710226, 0.6920521100255035]",0.0724,-0.0079,0.2186,False,0.9587,0.4382,False,0.679,0.0925,0.78,1.0,[2024],NOT MEASURED,,,,,,0.5023,0.475,-0.0273,,0.82537,5.0,1.0,False,"Only 1 seed(s) escaped in BOTH arms, so no paired test exists. The conditional Welch result above therefore compares DIFFERENT experimental units, not a treatment contrast on matched units.",
xlm15,2000,transplant_mean,transplant_random_coef,5,5,3/5,4/5,0.6,0.8,"[0.2307242812760128, 0.882379225767352]","[0.37553462976252533, 0.9637758913675698]",0.2,2.6667,1.0,False,3,4,0.6955,0.6699,MEASURED,"[0.6753847915547664, 0.7058219223367953]","[0.6644897111506797, 0.6730057936777671]",-0.0256,-0.0386,-0.0056,True,-2.4605,0.11668,False,-2.172,0.0129,1.99,3.0,"[42, 1337, 2024]",MEASURED,-0.0229,-2.2452,0.15387,False,True,0.5507,0.6026,0.0519,,0.49641,5.0,1.0,False,,
xlm15,2000,transplant_mean,turk,5,5,3/5,4/5,0.6,0.8,"[0.2307242812760128, 0.882379225767352]","[0.37553462976252533, 0.9637758913675698]",0.2,2.6667,1.0,False,3,4,0.6955,0.6747,MEASURED,"[0.6753847915547664, 0.7058219223367953]","[0.6610208645185187, 0.6873804289803149]",-0.0208,-0.0406,0.0012,False,-1.6299,0.17568,False,-1.267,0.0166,1.25,3.0,"[42, 1337, 2024]",MEASURED,-0.0268,-1.9823,0.18593,False,True,0.5507,0.6064,0.0558,,0.50579,5.0,1.0,False,,
xlm15,2000,transplant_mean,turk_qarisiq,5,5,3/5,2/5,0.6,0.4,"[0.2307242812760128, 0.882379225767352]","[0.11762077423264783, 0.769275718723987]",-0.2,0.4444,1.0,False,3,2,0.6955,0.6873,MEASURED,"[0.6753847915547664, 0.7058219223367953]","[0.6824677478710226, 0.6920521100255035]",-0.0082,-0.0232,0.0119,False,-0.7386,0.51849,False,-0.558,0.0132,0.62,1.0,[2024],NOT MEASURED,,,,,,0.5507,0.475,-0.0757,,0.6107,5.0,1.0,False,"Only 1 seed(s) escaped in BOTH arms, so no paired test exists. The conditional Welch result above therefore compares DIFFERENT experimental units, not a treatment contrast on matched units.",
xlm15,2000,transplant_random_coef,turk,5,5,4/5,4/5,0.8,0.8,"[0.37553462976252533, 0.9637758913675698]","[0.37553462976252533, 0.9637758913675698]",0.0,1.0,1.0,False,4,4,0.6699,0.6747,MEASURED,"[0.6644897111506797, 0.6730057936777671]","[0.6610208645185187, 0.6873804289803149]",0.0048,-0.0093,0.019,False,0.5788,0.59601,False,0.409,0.0118,0.41,4.0,"[7, 42, 1337, 2024]",MEASURED,0.0048,0.4854,0.66063,False,False,0.6026,0.6064,0.0039,,0.64499,5.0,1.0,False,,
xlm15,2000,transplant_random_coef,turk_qarisiq,5,5,4/5,2/5,0.8,0.4,"[0.37553462976252533, 0.9637758913675698]","[0.11762077423264783, 0.769275718723987]",-0.4,0.1667,0.52381,False,4,2,0.6699,0.6873,MEASURED,"[0.6644897111506797, 0.6730057936777671]","[0.6824677478710226, 0.6920521100255035]",0.0174,0.0098,0.0251,True,3.1542,0.10741,False,2.987,0.0062,2.83,1.0,[2024],NOT MEASURED,,,,,,0.6026,0.475,-0.1276,,0.40969,5.0,1.0,False,"Only 1 seed(s) escaped in BOTH arms, so no paired test exists. The conditional Welch result above therefore compares DIFFERENT experimental units, not a treatment contrast on matched units.",
xlm15,2000,turk,turk_qarisiq,5,5,4/5,2/5,0.8,0.4,"[0.37553462976252533, 0.9637758913675698]","[0.11762077423264783, 0.769275718723987]",-0.4,0.1667,0.52381,False,4,2,0.6747,0.6873,MEASURED,"[0.6610208645185187, 0.6873804289803149]","[0.6824677478710226, 0.6920521100255035]",0.0126,-0.0016,0.0278,False,1.3656,0.24397,False,0.896,0.0121,1.04,1.0,[2024],NOT MEASURED,,,,,,0.6064,0.475,-0.1315,,0.40216,5.0,1.0,False,"Only 1 seed(s) escaped in BOTH arms, so no paired test exists. The conditional Welch result above therefore compares DIFFERENT experimental units, not a treatment contrast on matched units.",
xlm15,10000,baza,tokenizator,3,3,2/3,3/3,0.6667,1.0,"[0.2076596008020477, 0.9385080552796037]","[0.4385029682449546, 1.0]",0.3333,,1.0,False,2,3,0.7427,0.7657,MEASURED,"[0.7398460851076942, 0.7456022379794419]","[0.7485623392844589, 0.7781745727563246]",0.023,0.0058,0.0357,True,2.4664,0.11196,False,1.802,0.0112,2.05,2.0,"[13, 42]",MEASURED,0.0206,1.1674,0.45093,False,True,0.6063,0.7657,0.1594,,0.37053,3.0,1.0,False,,
xlm15,10000,baza,transplant_mean,3,3,2/3,1/3,0.6667,0.3333,"[0.2076596008020477, 0.9385080552796037]","[0.06149194472039621, 0.7923403991979522]",-0.3333,0.25,1.0,False,2,1,0.7427,0.7653,NOT MEASURED,,,,,,,,,,,,,,,,,,,,,,,,,,,,,,Escape edən seed sayı < 2 — şərtli macro-F1 müqayisəsi aparılmadı. Escape rate hələ də oxunmalıdır.
xlm15,10000,baza,transplant_random_coef,3,3,2/3,1/3,0.6667,0.3333,"[0.2076596008020477, 0.9385080552796037]","[0.06149194472039621, 0.7923403991979522]",-0.3333,0.25,1.0,False,2,1,0.7427,0.6319,NOT MEASURED,,,,,,,,,,,,,,,,,,,,,,,,,,,,,,Escape edən seed sayı < 2 — şərtli macro-F1 müqayisəsi aparılmadı. Escape rate hələ də oxunmalıdır.
xlm15,10000,tokenizator,transplant_mean,3,3,3/3,1/3,1.0,0.3333,"[0.4385029682449546, 1.0]","[0.06149194472039621, 0.7923403991979522]",-0.6667,0.0,0.4,False,3,1,0.7657,0.7653,NOT MEASURED,,,,,,,,,,,,,,,,,,,,,,,,,,,,,,Escape edən seed sayı < 2 — şərtli macro-F1 müqayisəsi aparılmadı. Escape rate hələ də oxunmalıdır.
xlm15,10000,tokenizator,transplant_random_coef,3,3,3/3,1/3,1.0,0.3333,"[0.4385029682449546, 1.0]","[0.06149194472039621, 0.7923403991979522]",-0.6667,0.0,0.4,False,3,1,0.7657,0.6319,NOT MEASURED,,,,,,,,,,,,,,,,,,,,,,,,,,,,,,Escape edən seed sayı < 2 — şərtli macro-F1 müqayisəsi aparılmadı. Escape rate hələ də oxunmalıdır.
xlm15,10000,transplant_mean,transplant_random_coef,3,3,1/3,1/3,0.3333,0.3333,"[0.06149194472039621, 0.7923403991979522]","[0.06149194472039621, 0.7923403991979522]",0.0,1.0,1.0,False,1,1,0.7653,0.6319,NOT MEASURED,,,,,,,,,,,,,,,,,,,,,,,,,,,,,,Escape edən seed sayı < 2 — şərtli macro-F1 müqayisəsi aparılmadı. Escape rate hələ də oxunmalıdır.
xlm15,20914,baza,tokenizator,3,3,3/3,1/3,1.0,0.3333,"[0.4385029682449546, 1.0]","[0.06149194472039621, 0.7923403991979522]",-0.6667,0.0,0.4,False,3,1,0.7374,0.79,NOT MEASURED,,,,,,,,,,,,,,,,,,,,,,,,,,,,,,Escape edən seed sayı < 2 — şərtli macro-F1 müqayisəsi aparılmadı. Escape rate hələ də oxunmalıdır.
xlm15,20914,baza,transplant_mean,3,3,3/3,3/3,1.0,1.0,"[0.4385029682449546, 1.0]","[0.4385029682449546, 1.0]",0.0,,1.0,False,3,3,0.7374,0.7263,MEASURED,"[0.7008858600767688, 0.7576360628108686]","[0.5777552950787074, 0.8013044143774982]",-0.0111,-0.1583,0.0823,False,-0.1452,0.89654,False,-0.119,0.0937,0.12,3.0,"[13, 42, 1337]",MEASURED,-0.0111,-0.1321,0.90697,False,False,0.7374,0.7263,-0.0111,,0.90697,3.0,1.0,False,,
xlm15,20914,baza,transplant_random_coef,3,3,3/3,1/3,1.0,0.3333,"[0.4385029682449546, 1.0]","[0.06149194472039621, 0.7923403991979522]",-0.6667,0.0,0.4,False,3,1,0.7374,0.7671,NOT MEASURED,,,,,,,,,,,,,,,,,,,,,,,,,,,,,,Escape edən seed sayı < 2 — şərtli macro-F1 müqayisəsi aparılmadı. Escape rate hələ də oxunmalıdır.
xlm15,20914,tokenizator,transplant_mean,3,3,1/3,3/3,0.3333,1.0,"[0.06149194472039621, 0.7923403991979522]","[0.4385029682449546, 1.0]",0.6667,,0.4,False,1,3,0.79,0.7263,NOT MEASURED,,,,,,,,,,,,,,,,,,,,,,,,,,,,,,Escape edən seed sayı < 2 — şərtli macro-F1 müqayisəsi aparılmadı. Escape rate hələ də oxunmalıdır.
xlm15,20914,tokenizator,transplant_random_coef,3,3,1/3,1/3,0.3333,0.3333,"[0.06149194472039621, 0.7923403991979522]","[0.06149194472039621, 0.7923403991979522]",0.0,1.0,1.0,False,1,1,0.79,0.7671,NOT MEASURED,,,,,,,,,,,,,,,,,,,,,,,,,,,,,,Escape edən seed sayı < 2 — şərtli macro-F1 müqayisəsi aparılmadı. Escape rate hələ də oxunmalıdır.
xlm15,20914,transplant_mean,transplant_random_coef,3,3,3/3,1/3,1.0,0.3333,"[0.4385029682449546, 1.0]","[0.06149194472039621, 0.7923403991979522]",-0.6667,0.0,0.4,False,3,1,0.7263,0.7671,NOT MEASURED,,,,,,,,,,,,,,,,,,,,,,,,,,,,,,Escape edən seed sayı < 2 — şərtli macro-F1 müqayisəsi aparılmadı. Escape rate hələ də oxunmalıdır.
xlmr,500,baza,her_ikisi,5,5,5/5,5/5,1.0,1.0,"[0.5655175352168251, 1.0]","[0.5655175352168251, 1.0]",0.0,,1.0,False,5,5,0.798,0.7261,MEASURED,"[0.7938844952678723, 0.8041831194261974]","[0.7078201977737925, 0.7406455805286313]",-0.072,-0.0917,-0.0562,True,-7.0102,0.00107,True,-4.434,0.0162,4.43,5.0,"[7, 13, 42, 1337, 2024]",MEASURED,-0.072,-5.7479,0.00454,True,True,0.798,0.7261,-0.072,,0.00454,5.0,0.06313,False,,
xlmr,500,baza,tokenizator,5,5,5/5,5/5,1.0,1.0,"[0.5655175352168251, 1.0]","[0.5655175352168251, 1.0]",0.0,,1.0,False,5,5,0.798,0.7198,MEASURED,"[0.7938844952678723, 0.8041831194261974]","[0.7102383864161691, 0.7282869568533369]",-0.0782,-0.0898,-0.0682,True,-12.6395,1e-05,True,-7.994,0.0098,7.99,5.0,"[7, 13, 42, 1337, 2024]",MEASURED,-0.0782,-11.2641,0.00035,True,True,0.798,0.7198,-0.0782,,0.00035,5.0,0.00076,True,,
xlmr,500,baza,transplant_mean,5,5,5/5,5/5,1.0,1.0,"[0.5655175352168251, 1.0]","[0.5655175352168251, 1.0]",0.0,,1.0,False,5,5,0.798,0.7421,MEASURED,"[0.7938844952678723, 0.8041831194261974]","[0.7317013493715383, 0.752446392648831]",-0.056,-0.0679,-0.0445,True,-8.4026,0.00014,True,-5.314,0.0105,5.31,5.0,"[7, 13, 42, 1337, 2024]",MEASURED,-0.056,-6.7206,0.00255,True,True,0.798,0.7421,-0.056,,0.00255,5.0,0.00896,True,,
xlmr,500,baza,transplant_random_coef,5,5,5/5,5/5,1.0,1.0,"[0.5655175352168251, 1.0]","[0.5655175352168251, 1.0]",0.0,,1.0,False,5,5,0.798,0.6985,MEASURED,"[0.7938844952678723, 0.8041831194261974]","[0.6882036933835678, 0.7088387303214365]",-0.0996,-0.1115,-0.088,True,-14.8545,1e-05,True,-9.395,0.0106,9.39,5.0,"[7, 13, 42, 1337, 2024]",MEASURED,-0.0996,-13.0463,0.0002,True,True,0.798,0.6985,-0.0996,,0.0002,5.0,0.00076,True,,
xlmr,500,baza,turk,5,5,5/5,5/5,1.0,1.0,"[0.5655175352168251, 1.0]","[0.5655175352168251, 1.0]",0.0,,1.0,False,5,5,0.798,0.8149,MEASURED,"[0.7938844952678723, 0.8041831194261974]","[0.8103612464723933, 0.8193423448210968]",0.0169,0.0094,0.0235,True,4.168,0.00337,True,2.636,0.0064,2.64,5.0,"[7, 13, 42, 1337, 2024]",MEASURED,0.0169,7.1199,0.00206,True,True,0.798,0.8149,0.0169,,0.00206,5.0,0.19546,False,,
xlmr,500,baza,turk_qarisiq,5,5,5/5,5/5,1.0,1.0,"[0.5655175352168251, 1.0]","[0.5655175352168251, 1.0]",0.0,,1.0,False,5,5,0.798,0.8054,MEASURED,"[0.7938844952678723, 0.8041831194261974]","[0.7988515092235963, 0.8097670361829582]",0.0073,-0.0012,0.0142,False,1.6451,0.13858,False,1.04,0.007,1.04,5.0,"[7, 13, 42, 1337, 2024]",MEASURED,0.0073,2.0543,0.10915,False,False,0.798,0.8054,0.0073,,0.10915,5.0,1.0,False,,
xlmr,500,her_ikisi,tokenizator,5,5,5/5,5/5,1.0,1.0,"[0.5655175352168251, 1.0]","[0.5655175352168251, 1.0]",0.0,,1.0,False,5,5,0.7261,0.7198,MEASURED,"[0.7078201977737925, 0.7406455805286313]","[0.7102383864161691, 0.7282869568533369]",-0.0062,-0.0246,0.0141,False,-0.5599,0.5952,False,-0.354,0.0176,0.35,5.0,"[7, 13, 42, 1337, 2024]",MEASURED,-0.0062,-0.6717,0.53859,False,False,0.7261,0.7198,-0.0062,,0.53859,5.0,1.0,False,,
xlmr,500,her_ikisi,transplant_mean,5,5,5/5,5/5,1.0,1.0,"[0.5655175352168251, 1.0]","[0.5655175352168251, 1.0]",0.0,,1.0,False,5,5,0.7261,0.7421,MEASURED,"[0.7078201977737925, 0.7406455805286313]","[0.7317013493715383, 0.752446392648831]",0.016,-0.0029,0.0372,False,1.4029,0.20617,False,0.887,0.0181,0.89,5.0,"[7, 13, 42, 1337, 2024]",MEASURED,0.016,2.6372,0.05775,False,True,0.7261,0.7421,0.016,,0.05775,5.0,1.0,False,,
xlmr,500,her_ikisi,transplant_random_coef,5,5,5/5,5/5,1.0,1.0,"[0.5655175352168251, 1.0]","[0.5655175352168251, 1.0]",0.0,,1.0,False,5,5,0.7261,0.6985,MEASURED,"[0.7078201977737925, 0.7406455805286313]","[0.6882036933835678, 0.7088387303214365]",-0.0276,-0.0462,-0.0067,True,-2.4105,0.04888,True,-1.525,0.0181,1.52,5.0,"[7, 13, 42, 1337, 2024]",MEASURED,-0.0276,-3.1752,0.03369,True,False,0.7261,0.6985,-0.0276,,0.03369,5.0,1.0,False,,
xlmr,500,her_ikisi,turk,5,5,5/5,5/5,1.0,1.0,"[0.5655175352168251, 1.0]","[0.5655175352168251, 1.0]",0.0,,1.0,False,5,5,0.7261,0.8149,MEASURED,"[0.7078201977737925, 0.7406455805286313]","[0.8103612464723933, 0.8193423448210968]",0.0889,0.0736,0.108,True,8.7822,0.0005,True,5.554,0.016,5.55,5.0,"[7, 13, 42, 1337, 2024]",MEASURED,0.0889,8.0807,0.00127,True,True,0.7261,0.8149,0.0889,,0.00127,5.0,0.031,True,,
xlmr,500,her_ikisi,turk_qarisiq,5,5,5/5,5/5,1.0,1.0,"[0.5655175352168251, 1.0]","[0.5655175352168251, 1.0]",0.0,,1.0,False,5,5,0.7261,0.8054,MEASURED,"[0.7078201977737925, 0.7406455805286313]","[0.7988515092235963, 0.8097670361829582]",0.0793,0.0632,0.0987,True,7.7114,0.00068,True,4.877,0.0163,4.88,5.0,"[7, 13, 42, 1337, 2024]",MEASURED,0.0793,7.9643,0.00135,True,True,0.7261,0.8054,0.0793,,0.00135,5.0,0.04148,True,,
xlmr,500,tokenizator,transplant_mean,5,5,5/5,5/5,1.0,1.0,"[0.5655175352168251, 1.0]","[0.5655175352168251, 1.0]",0.0,,1.0,False,5,5,0.7198,0.7421,MEASURED,"[0.7102383864161691, 0.7282869568533369]","[0.7317013493715383, 0.752446392648831]",0.0223,0.0087,0.0366,True,2.7996,0.02342,True,1.771,0.0126,1.77,5.0,"[7, 13, 42, 1337, 2024]",MEASURED,0.0223,6.1649,0.00351,True,True,0.7198,0.7421,0.0223,,0.00351,5.0,1.0,False,,
xlmr,500,tokenizator,transplant_random_coef,5,5,5/5,5/5,1.0,1.0,"[0.5655175352168251, 1.0]","[0.5655175352168251, 1.0]",0.0,,1.0,False,5,5,0.7198,0.6985,MEASURED,"[0.7102383864161691, 0.7282869568533369]","[0.6882036933835678, 0.7088387303214365]",-0.0213,-0.0352,-0.0072,True,-2.6719,0.02855,True,-1.69,0.0126,1.69,5.0,"[7, 13, 42, 1337, 2024]",MEASURED,-0.0213,-12.335,0.00025,True,True,0.7198,0.6985,-0.0213,,0.00025,5.0,1.0,False,,
xlmr,500,tokenizator,turk,5,5,5/5,5/5,1.0,1.0,"[0.5655175352168251, 1.0]","[0.5655175352168251, 1.0]",0.0,,1.0,False,5,5,0.7198,0.8149,MEASURED,"[0.7102383864161691, 0.7282869568533369]","[0.8103612464723933, 0.8193423448210968]",0.0951,0.0854,0.1061,True,16.0119,1e-05,True,10.127,0.0094,10.13,5.0,"[7, 13, 42, 1337, 2024]",MEASURED,0.0951,13.1397,0.00019,True,True,0.7198,0.8149,0.0951,,0.00019,5.0,0.00076,True,,
xlmr,500,tokenizator,turk_qarisiq,5,5,5/5,5/5,1.0,1.0,"[0.5655175352168251, 1.0]","[0.5655175352168251, 1.0]",0.0,,1.0,False,5,5,0.7198,0.8054,MEASURED,"[0.7102383864161691, 0.7282869568533369]","[0.7988515092235963, 0.8097670361829582]",0.0855,0.075,0.0968,True,13.7684,0.0,True,8.708,0.0098,8.71,5.0,"[7, 13, 42, 1337, 2024]",MEASURED,0.0855,13.5124,0.00017,True,True,0.7198,0.8054,0.0855,,0.00017,5.0,0.0,True,,
xlmr,500,transplant_mean,transplant_random_coef,5,5,5/5,5/5,1.0,1.0,"[0.5655175352168251, 1.0]","[0.5655175352168251, 1.0]",0.0,,1.0,False,5,5,0.7421,0.6985,MEASURED,"[0.7317013493715383, 0.752446392648831]","[0.6882036933835678, 0.7088387303214365]",-0.0436,-0.0583,-0.0292,True,-5.2168,0.00081,True,-3.299,0.0132,3.3,5.0,"[7, 13, 42, 1337, 2024]",MEASURED,-0.0436,-11.3518,0.00034,True,True,0.7421,0.6985,-0.0436,,0.00034,5.0,0.0486,True,,
xlmr,500,transplant_mean,turk,5,5,5/5,5/5,1.0,1.0,"[0.5655175352168251, 1.0]","[0.5655175352168251, 1.0]",0.0,,1.0,False,5,5,0.7421,0.8149,MEASURED,"[0.7317013493715383, 0.752446392648831]","[0.8103612464723933, 0.8193423448210968]",0.0729,0.0617,0.084,True,11.3309,5e-05,True,7.166,0.0102,7.17,5.0,"[7, 13, 42, 1337, 2024]",MEASURED,0.0729,9.6919,0.00063,True,True,0.7421,0.8149,0.0729,,0.00063,5.0,0.0033,True,,
xlmr,500,transplant_mean,turk_qarisiq,5,5,5/5,5/5,1.0,1.0,"[0.5655175352168251, 1.0]","[0.5655175352168251, 1.0]",0.0,,1.0,False,5,5,0.7421,0.8054,MEASURED,"[0.7317013493715383, 0.752446392648831]","[0.7988515092235963, 0.8097670361829582]",0.0633,0.0514,0.0746,True,9.469,7e-05,True,5.989,0.0106,5.99,5.0,"[7, 13, 42, 1337, 2024]",MEASURED,0.0633,10.1514,0.00053,True,True,0.7421,0.8054,0.0633,,0.00053,5.0,0.00455,True,,
xlmr,500,transplant_random_coef,turk,5,5,5/5,5/5,1.0,1.0,"[0.5655175352168251, 1.0]","[0.5655175352168251, 1.0]",0.0,,1.0,False,5,5,0.6985,0.8149,MEASURED,"[0.6882036933835678, 0.7088387303214365]","[0.8103612464723933, 0.8193423448210968]",0.1165,0.1053,0.1278,True,17.9888,0.0,True,11.377,0.0102,11.38,5.0,"[7, 13, 42, 1337, 2024]",MEASURED,0.1165,14.7743,0.00012,True,True,0.6985,0.8149,0.1165,,0.00012,5.0,0.0,True,,
xlmr,500,transplant_random_coef,turk_qarisiq,5,5,5/5,5/5,1.0,1.0,"[0.5655175352168251, 1.0]","[0.5655175352168251, 1.0]",0.0,,1.0,False,5,5,0.6985,0.8054,MEASURED,"[0.6882036933835678, 0.7088387303214365]","[0.7988515092235963, 0.8097670361829582]",0.1069,0.0949,0.1186,True,15.8938,0.0,True,10.052,0.0106,10.05,5.0,"[7, 13, 42, 1337, 2024]",MEASURED,0.1069,15.2912,0.00011,True,True,0.6985,0.8054,0.1069,,0.00011,5.0,0.0,True,,
xlmr,500,turk,turk_qarisiq,5,5,5/5,5/5,1.0,1.0,"[0.5655175352168251, 1.0]","[0.5655175352168251, 1.0]",0.0,,1.0,False,5,5,0.8149,0.8054,MEASURED,"[0.8103612464723933, 0.8193423448210968]","[0.7988515092235963, 0.8097670361829582]",-0.0096,-0.017,-0.0028,True,-2.3448,0.04826,True,-1.483,0.0065,1.48,5.0,"[7, 13, 42, 1337, 2024]",MEASURED,-0.0096,-4.7279,0.00912,True,True,0.8149,0.8054,-0.0096,,0.00912,5.0,1.0,False,,
xlmr,2000,baza,her_ikisi,5,5,5/5,5/5,1.0,1.0,"[0.5655175352168251, 1.0]","[0.5655175352168251, 1.0]",0.0,,1.0,False,5,5,0.8277,0.7708,MEASURED,"[0.8228375164502983, 0.8329457589314926]","[0.7664056640954879, 0.7763481661078824]",-0.0569,-0.0639,-0.0496,True,-14.0416,0.0,True,-8.881,0.0064,8.88,5.0,"[7, 13, 42, 1337, 2024]",MEASURED,-0.0569,-11.81,0.00029,True,True,0.8277,0.7708,-0.0569,,0.00029,5.0,0.0,True,,
xlmr,2000,baza,tokenizator,5,5,5/5,5/5,1.0,1.0,"[0.5655175352168251, 1.0]","[0.5655175352168251, 1.0]",0.0,,1.0,False,5,5,0.8277,0.7618,MEASURED,"[0.8228375164502983, 0.8329457589314926]","[0.7545892880356584, 0.7688360457961713]",-0.0659,-0.0746,-0.0571,True,-13.1401,0.0,True,-8.311,0.0079,8.31,5.0,"[7, 13, 42, 1337, 2024]",MEASURED,-0.0659,-19.6127,4e-05,True,True,0.8277,0.7618,-0.0659,,4e-05,5.0,0.0,True,,
xlmr,2000,baza,transplant_mean,5,5,5/5,5/5,1.0,1.0,"[0.5655175352168251, 1.0]","[0.5655175352168251, 1.0]",0.0,,1.0,False,5,5,0.8277,0.7772,MEASURED,"[0.8228375164502983, 0.8329457589314926]","[0.7720942209045136, 0.7827255538270815]",-0.0505,-0.0577,-0.043,True,-11.9055,0.0,True,-7.53,0.0067,7.53,5.0,"[7, 13, 42, 1337, 2024]",MEASURED,-0.0505,-11.0063,0.00039,True,True,0.8277,0.7772,-0.0505,,0.00039,5.0,0.0,True,,
xlmr,2000,baza,transplant_random_coef,5,5,5/5,5/5,1.0,1.0,"[0.5655175352168251, 1.0]","[0.5655175352168251, 1.0]",0.0,,1.0,False,5,5,0.8277,0.7297,MEASURED,"[0.8228375164502983, 0.8329457589314926]","[0.7251145328558073, 0.7353866974889508]",-0.098,-0.1051,-0.0906,True,-23.4994,0.0,True,-14.862,0.0066,14.86,5.0,"[7, 13, 42, 1337, 2024]",MEASURED,-0.098,-24.3536,2e-05,True,True,0.8277,0.7297,-0.098,,2e-05,5.0,0.0,True,,
xlmr,2000,baza,turk,5,5,5/5,5/5,1.0,1.0,"[0.5655175352168251, 1.0]","[0.5655175352168251, 1.0]",0.0,,1.0,False,5,5,0.8277,0.8307,MEASURED,"[0.8228375164502983, 0.8329457589314926]","[0.8288004385464687, 0.8320646112612892]",0.003,-0.0026,0.0082,False,0.9817,0.37215,False,0.621,0.0048,0.62,5.0,"[7, 13, 42, 1337, 2024]",MEASURED,0.003,0.9964,0.37547,False,False,0.8277,0.8307,0.003,,0.37547,5.0,1.0,False,,
xlmr,2000,baza,turk_qarisiq,5,5,5/5,5/5,1.0,1.0,"[0.5655175352168251, 1.0]","[0.5655175352168251, 1.0]",0.0,,1.0,False,5,5,0.8277,0.8269,MEASURED,"[0.8228375164502983, 0.8329457589314926]","[0.8248134130719548, 0.8288443951459072]",-0.0008,-0.0065,0.0045,False,-0.2629,0.80261,False,-0.166,0.005,0.17,5.0,"[7, 13, 42, 1337, 2024]",MEASURED,-0.0008,-0.2355,0.82536,False,False,0.8277,0.8269,-0.0008,,0.82536,5.0,1.0,False,,
xlmr,2000,her_ikisi,tokenizator,5,5,5/5,5/5,1.0,1.0,"[0.5655175352168251, 1.0]","[0.5655175352168251, 1.0]",0.0,,1.0,False,5,5,0.7708,0.7618,MEASURED,"[0.7664056640954879, 0.7763481661078824]","[0.7545892880356584, 0.7688360457961713]",-0.009,-0.0179,-0.0004,True,-1.8092,0.11267,False,-1.144,0.0079,1.14,5.0,"[7, 13, 42, 1337, 2024]",MEASURED,-0.009,-1.6438,0.17556,False,False,0.7708,0.7618,-0.009,,0.17556,5.0,1.0,False,,
xlmr,2000,her_ikisi,transplant_mean,5,5,5/5,5/5,1.0,1.0,"[0.5655175352168251, 1.0]","[0.5655175352168251, 1.0]",0.0,,1.0,False,5,5,0.7708,0.7772,MEASURED,"[0.7664056640954879, 0.7763481661078824]","[0.7720942209045136, 0.7827255538270815]",0.0065,-0.001,0.0138,False,1.5423,0.16185,False,0.975,0.0066,0.98,5.0,"[7, 13, 42, 1337, 2024]",MEASURED,0.0065,1.6024,0.18433,False,False,0.7708,0.7772,0.0065,,0.18433,5.0,1.0,False,,
xlmr,2000,her_ikisi,transplant_random_coef,5,5,5/5,5/5,1.0,1.0,"[0.5655175352168251, 1.0]","[0.5655175352168251, 1.0]",0.0,,1.0,False,5,5,0.7708,0.7297,MEASURED,"[0.7664056640954879, 0.7763481661078824]","[0.7251145328558073, 0.7353866974889508]",-0.0411,-0.0484,-0.0338,True,-9.9623,1e-05,True,-6.301,0.0065,6.3,5.0,"[7, 13, 42, 1337, 2024]",MEASURED,-0.0411,-7.6827,0.00154,True,True,0.7708,0.7297,-0.0411,,0.00154,5.0,0.00076,True,,
xlmr,2000,her_ikisi,turk,5,5,5/5,5/5,1.0,1.0,"[0.5655175352168251, 1.0]","[0.5655175352168251, 1.0]",0.0,,1.0,False,5,5,0.7708,0.8307,MEASURED,"[0.7664056640954879, 0.7763481661078824]","[0.8288004385464687, 0.8320646112612892]",0.0599,0.0543,0.0647,True,20.0022,1e-05,True,12.651,0.0047,12.65,5.0,"[7, 13, 42, 1337, 2024]",MEASURED,0.0599,24.8553,2e-05,True,True,0.7708,0.8307,0.0599,,2e-05,5.0,0.00076,True,,
xlmr,2000,her_ikisi,turk_qarisiq,5,5,5/5,5/5,1.0,1.0,"[0.5655175352168251, 1.0]","[0.5655175352168251, 1.0]",0.0,,1.0,False,5,5,0.7708,0.8269,MEASURED,"[0.7664056640954879, 0.7763481661078824]","[0.8248134130719548, 0.8288443951459072]",0.0561,0.0502,0.061,True,18.3033,1e-05,True,11.576,0.0048,11.58,5.0,"[7, 13, 42, 1337, 2024]",MEASURED,0.0561,18.2099,5e-05,True,True,0.7708,0.8269,0.0561,,5e-05,5.0,0.00076,True,,
xlmr,2000,tokenizator,transplant_mean,5,5,5/5,5/5,1.0,1.0,"[0.5655175352168251, 1.0]","[0.5655175352168251, 1.0]",0.0,,1.0,False,5,5,0.7618,0.7772,MEASURED,"[0.7545892880356584, 0.7688360457961713]","[0.7720942209045136, 0.7827255538270815]",0.0155,0.0067,0.0247,True,3.016,0.01813,True,1.908,0.0081,1.91,5.0,"[7, 13, 42, 1337, 2024]",MEASURED,0.0155,2.2226,0.09035,False,False,0.7618,0.7772,0.0155,,0.09035,5.0,1.0,False,,
xlmr,2000,tokenizator,transplant_random_coef,5,5,5/5,5/5,1.0,1.0,"[0.5655175352168251, 1.0]","[0.5655175352168251, 1.0]",0.0,,1.0,False,5,5,0.7618,0.7297,MEASURED,"[0.7545892880356584, 0.7688360457961713]","[0.7251145328558073, 0.7353866974889508]",-0.032,-0.0407,-0.0231,True,-6.3185,0.00033,True,-3.996,0.008,4.0,5.0,"[7, 13, 42, 1337, 2024]",MEASURED,-0.032,-7.5734,0.00163,True,True,0.7618,0.7297,-0.032,,0.00163,5.0,0.02079,True,,
xlmr,2000,tokenizator,turk,5,5,5/5,5/5,1.0,1.0,"[0.5655175352168251, 1.0]","[0.5655175352168251, 1.0]",0.0,,1.0,False,5,5,0.7618,0.8307,MEASURED,"[0.7545892880356584, 0.7688360457961713]","[0.8288004385464687, 0.8320646112612892]",0.069,0.0616,0.0763,True,16.3779,4e-05,True,10.358,0.0067,10.36,5.0,"[7, 13, 42, 1337, 2024]",MEASURED,0.069,15.4188,0.0001,True,True,0.7618,0.8307,0.069,,0.0001,5.0,0.00272,True,,
xlmr,2000,tokenizator,turk_qarisiq,5,5,5/5,5/5,1.0,1.0,"[0.5655175352168251, 1.0]","[0.5655175352168251, 1.0]",0.0,,1.0,False,5,5,0.7618,0.8269,MEASURED,"[0.7545892880356584, 0.7688360457961713]","[0.8248134130719548, 0.8288443951459072]",0.0651,0.0577,0.0725,True,15.2888,4e-05,True,9.669,0.0067,9.67,5.0,"[7, 13, 42, 1337, 2024]",MEASURED,0.0651,12.5333,0.00023,True,True,0.7618,0.8269,0.0651,,0.00023,5.0,0.00272,True,,
xlmr,2000,transplant_mean,transplant_random_coef,5,5,5/5,5/5,1.0,1.0,"[0.5655175352168251, 1.0]","[0.5655175352168251, 1.0]",0.0,,1.0,False,5,5,0.7772,0.7297,MEASURED,"[0.7720942209045136, 0.7827255538270815]","[0.7251145328558073, 0.7353866974889508]",-0.0475,-0.0548,-0.04,True,-11.0439,0.0,True,-6.985,0.0068,6.98,5.0,"[7, 13, 42, 1337, 2024]",MEASURED,-0.0475,-9.0197,0.00084,True,True,0.7772,0.7297,-0.0475,,0.00084,5.0,0.0,True,,
xlmr,2000,transplant_mean,turk,5,5,5/5,5/5,1.0,1.0,"[0.5655175352168251, 1.0]","[0.5655175352168251, 1.0]",0.0,,1.0,False,5,5,0.7772,0.8307,MEASURED,"[0.7720942209045136, 0.7827255538270815]","[0.8288004385464687, 0.8320646112612892]",0.0535,0.0477,0.0588,True,16.4949,2e-05,True,10.432,0.0051,10.43,5.0,"[7, 13, 42, 1337, 2024]",MEASURED,0.0535,19.7948,4e-05,True,True,0.7772,0.8307,0.0535,,4e-05,5.0,0.0014,True,,
xlmr,2000,transplant_mean,turk_qarisiq,5,5,5/5,5/5,1.0,1.0,"[0.5655175352168251, 1.0]","[0.5655175352168251, 1.0]",0.0,,1.0,False,5,5,0.7772,0.8269,MEASURED,"[0.7720942209045136, 0.7827255538270815]","[0.8248134130719548, 0.8288443951459072]",0.0496,0.0437,0.0551,True,15.0179,2e-05,True,9.498,0.0052,9.5,5.0,"[7, 13, 42, 1337, 2024]",MEASURED,0.0496,22.422,2e-05,True,True,0.7772,0.8269,0.0496,,2e-05,5.0,0.0014,True,,
xlmr,2000,transplant_random_coef,turk,5,5,5/5,5/5,1.0,1.0,"[0.5655175352168251, 1.0]","[0.5655175352168251, 1.0]",0.0,,1.0,False,5,5,0.7297,0.8307,MEASURED,"[0.7251145328558073, 0.7353866974889508]","[0.8288004385464687, 0.8320646112612892]",0.101,0.0952,0.106,True,32.0554,0.0,True,20.274,0.005,20.27,5.0,"[7, 13, 42, 1337, 2024]",MEASURED,0.101,25.4588,1e-05,True,True,0.7297,0.8307,0.101,,1e-05,5.0,0.0,True,,
xlmr,2000,transplant_random_coef,turk_qarisiq,5,5,5/5,5/5,1.0,1.0,"[0.5655175352168251, 1.0]","[0.5655175352168251, 1.0]",0.0,,1.0,False,5,5,0.7297,0.8269,MEASURED,"[0.7251145328558073, 0.7353866974889508]","[0.8248134130719548, 0.8288443951459072]",0.0972,0.091,0.1023,True,30.2107,0.0,True,19.107,0.0051,19.11,5.0,"[7, 13, 42, 1337, 2024]",MEASURED,0.0972,29.7367,1e-05,True,True,0.7297,0.8269,0.0972,,1e-05,5.0,0.0,True,,
xlmr,2000,turk,turk_qarisiq,5,5,5/5,5/5,1.0,1.0,"[0.5655175352168251, 1.0]","[0.5655175352168251, 1.0]",0.0,,1.0,False,5,5,0.8307,0.8269,MEASURED,"[0.8288004385464687, 0.8320646112612892]","[0.8248134130719548, 0.8288443951459072]",-0.0038,-0.0064,-0.0012,True,-2.5014,0.03775,True,-1.582,0.0024,1.58,5.0,"[7, 13, 42, 1337, 2024]",MEASURED,-0.0038,-2.5468,0.06352,False,True,0.8307,0.8269,-0.0038,,0.06352,5.0,1.0,False,,
